PPvec,blockVec,stimLevelVec,sidVec,chanVec
6.75979531340036e-06,1,3000,"8e907",1
6.75172199257687e-06,1,3000,"8e907",2
6.56856959555725e-06,1,3000,"8e907",3
1.78279751311487e-05,1,3000,"8e907",4
0.000108303933620643,1,3000,"8e907",5
NaN,1,3000,"8e907",6
NaN,1,3000,"8e907",7
NaN,1,3000,"8e907",8
NaN,1,3000,"8e907",1
NaN,1,3000,"8e907",2
NaN,1,3000,"8e907",3
2.83131939180203e-05,1,3000,"8e907",4
3.18105420000785e-05,1,3000,"8e907",5
NaN,1,3000,"8e907",6
NaN,1,3000,"8e907",7
2.96078826236464e-05,1,3000,"8e907",8
NaN,1,3000,"8e907",1
NaN,1,3000,"8e907",2
5.55039368107239e-06,1,3000,"8e907",3
5.57521057253668e-06,1,3000,"8e907",4
0.000100666191751284,1,3000,"8e907",5
NaN,1,3000,"8e907",6
NaN,1,3000,"8e907",7
NaN,1,3000,"8e907",8
NaN,1,3000,"8e907",1
1.53973433177831e-05,1,3000,"8e907",2
1.54396926514576e-05,1,3000,"8e907",3
1.0402906003546e-05,1,3000,"8e907",4
6.78313902291023e-05,1,3000,"8e907",5
NaN,1,3000,"8e907",6
NaN,1,3000,"8e907",7
2.49048371332232e-06,1,3000,"8e907",8
NaN,1,3000,"8e907",1
1.05106317838155e-05,1,3000,"8e907",2
2.38346964098265e-05,1,3000,"8e907",3
3.41936477992795e-05,1,3000,"8e907",4
0.000124283236353171,1,3000,"8e907",5
NaN,1,3000,"8e907",6
NaN,1,3000,"8e907",7
3.4138793661622e-06,1,3000,"8e907",8
NaN,1,3000,"8e907",1
1.50434428663894e-05,1,3000,"8e907",2
2.43847861608876e-05,1,3000,"8e907",3
2.35830261767174e-05,1,3000,"8e907",4
0.000106756989080931,1,3000,"8e907",5
NaN,1,3000,"8e907",6
NaN,1,3000,"8e907",7
3.15386974947149e-06,1,3000,"8e907",8
NaN,1,3000,"8e907",1
2.04848121348698e-05,1,3000,"8e907",2
1.43963847361932e-05,1,3000,"8e907",3
2.32996474725204e-05,1,3000,"8e907",4
0.000102784556710597,1,3000,"8e907",5
NaN,1,3000,"8e907",6
NaN,1,3000,"8e907",7
6.59034731676488e-06,1,3000,"8e907",8
8.56981830500982e-06,1,3000,"8e907",1
1.69894549896131e-05,1,3000,"8e907",2
1.81844195564748e-05,1,3000,"8e907",3
1.9762854617873e-05,1,3000,"8e907",4
8.10502816878095e-05,1,3000,"8e907",5
NaN,1,3000,"8e907",6
NaN,1,3000,"8e907",7
1.38783331873505e-05,1,3000,"8e907",8
NaN,1,3000,"8e907",1
2.14450999243393e-05,1,3000,"8e907",2
1.81227221023281e-05,1,3000,"8e907",3
1.92543394761422e-05,1,3000,"8e907",4
8.07461744684183e-05,1,3000,"8e907",5
NaN,1,3000,"8e907",6
NaN,1,3000,"8e907",7
3.21947268204496e-05,1,3000,"8e907",8
2.02760013901153e-05,1,3000,"8e907",1
1.63029563428735e-05,1,3000,"8e907",2
1.92734458078001e-05,1,3000,"8e907",3
1.93624610280545e-05,1,3000,"8e907",4
8.67316461206928e-05,1,3000,"8e907",5
NaN,1,3000,"8e907",6
NaN,1,3000,"8e907",7
NaN,1,3000,"8e907",8
7.26826579634893e-06,1,3000,"8e907",1
6.24706756173466e-06,1,3000,"8e907",2
1.97774395027641e-05,1,3000,"8e907",3
1.81644757707912e-05,1,3000,"8e907",4
6.70146119451166e-05,1,3000,"8e907",5
NaN,1,3000,"8e907",6
NaN,1,3000,"8e907",7
NaN,1,3000,"8e907",8
3.52041488018125e-06,1,3000,"8e907",1
3.66460119931031e-06,1,3000,"8e907",2
1.36195617214196e-05,1,3000,"8e907",3
1.15353401053009e-05,1,3000,"8e907",4
8.11520175840935e-05,1,3000,"8e907",5
NaN,1,3000,"8e907",6
NaN,1,3000,"8e907",7
NaN,1,3000,"8e907",8
2.04862123540344e-05,1,3000,"8e907",1
4.53432033501426e-06,1,3000,"8e907",2
8.33897220938197e-06,1,3000,"8e907",3
2.70439361794737e-05,1,3000,"8e907",4
0.000126899822223777,1,3000,"8e907",5
NaN,1,3000,"8e907",6
NaN,1,3000,"8e907",7
7.41820088155678e-06,1,3000,"8e907",8
NaN,1,3000,"8e907",1
7.69730885085149e-06,1,3000,"8e907",2
1.53086536041525e-05,1,3000,"8e907",3
2.8986885235253e-05,1,3000,"8e907",4
0.000134171926807657,1,3000,"8e907",5
NaN,1,3000,"8e907",6
NaN,1,3000,"8e907",7
NaN,1,3000,"8e907",8
NaN,1,3000,"8e907",1
NaN,1,3000,"8e907",2
1.46900795913428e-05,1,3000,"8e907",3
1.75021831761265e-05,1,3000,"8e907",4
7.24588990701279e-05,1,3000,"8e907",5
NaN,1,3000,"8e907",6
NaN,1,3000,"8e907",7
1.24432998893464e-05,1,3000,"8e907",8
NaN,1,3000,"8e907",1
1.11727202180774e-05,1,3000,"8e907",2
1.59142799856815e-05,1,3000,"8e907",3
1.91779183047002e-05,1,3000,"8e907",4
6.58771552053242e-05,1,3000,"8e907",5
NaN,1,3000,"8e907",6
NaN,1,3000,"8e907",7
NaN,1,3000,"8e907",8
9.70057018992196e-06,1,3000,"8e907",1
5.84776286909941e-06,1,3000,"8e907",2
5.68942633709711e-06,1,3000,"8e907",3
1.56925236272919e-06,1,3000,"8e907",4
4.14794050580309e-05,1,3000,"8e907",5
NaN,1,3000,"8e907",6
NaN,1,3000,"8e907",7
NaN,1,3000,"8e907",8
1.00997822993201e-05,1,3000,"8e907",1
1.08432267143838e-05,1,3000,"8e907",2
1.0886080122278e-05,1,3000,"8e907",3
1.52655079676367e-05,1,3000,"8e907",4
8.28193423097445e-05,1,3000,"8e907",5
NaN,1,3000,"8e907",6
NaN,1,3000,"8e907",7
2.97342932785933e-06,1,3000,"8e907",8
1.54946349600335e-05,1,3000,"8e907",1
6.90315153036258e-06,1,3000,"8e907",2
9.38369741510209e-06,1,3000,"8e907",3
5.26208005281262e-06,1,3000,"8e907",4
8.62655630518857e-05,1,3000,"8e907",5
NaN,1,3000,"8e907",6
NaN,1,3000,"8e907",7
NaN,1,3000,"8e907",8
4.26989950734045e-06,1,3000,"8e907",1
NaN,1,3000,"8e907",2
5.65672885187268e-06,1,3000,"8e907",3
NaN,1,3000,"8e907",4
8.92291818267917e-05,1,3000,"8e907",5
NaN,1,3000,"8e907",6
NaN,1,3000,"8e907",7
NaN,1,3000,"8e907",8
NaN,1,3500,"8e907",1
1.07347099652334e-06,1,3500,"8e907",2
2.41117164895171e-06,1,3500,"8e907",3
2.63837894441497e-05,1,3500,"8e907",4
0.000180425976401213,1,3500,"8e907",5
NaN,1,3500,"8e907",6
NaN,1,3500,"8e907",7
5.05222855527544e-06,1,3500,"8e907",8
NaN,1,3500,"8e907",1
NaN,1,3500,"8e907",2
NaN,1,3500,"8e907",3
3.7074130687207e-05,1,3500,"8e907",4
0.000104861033985221,1,3500,"8e907",5
NaN,1,3500,"8e907",6
NaN,1,3500,"8e907",7
3.04361656620686e-06,1,3500,"8e907",8
NaN,1,3500,"8e907",1
NaN,1,3500,"8e907",2
7.03365836701007e-06,1,3500,"8e907",3
1.55036364653237e-05,1,3500,"8e907",4
0.000153740701459259,1,3500,"8e907",5
NaN,1,3500,"8e907",6
NaN,1,3500,"8e907",7
NaN,1,3500,"8e907",8
NaN,1,3500,"8e907",1
2.34785673049382e-05,1,3500,"8e907",2
1.53749611211255e-05,1,3500,"8e907",3
6.68793561959131e-06,1,3500,"8e907",4
0.000100674494266107,1,3500,"8e907",5
NaN,1,3500,"8e907",6
NaN,1,3500,"8e907",7
NaN,1,3500,"8e907",8
2.0017894708837e-05,1,3500,"8e907",1
1.8874280237926e-05,1,3500,"8e907",2
2.40210821326375e-05,1,3500,"8e907",3
1.94481149097494e-05,1,3500,"8e907",4
0.000124456467089887,1,3500,"8e907",5
NaN,1,3500,"8e907",6
NaN,1,3500,"8e907",7
2.92729714758824e-05,1,3500,"8e907",8
NaN,1,3500,"8e907",1
4.34383913002051e-05,1,3500,"8e907",2
4.29004005438744e-05,1,3500,"8e907",3
4.6472940540156e-05,1,3500,"8e907",4
0.000157770544972013,1,3500,"8e907",5
NaN,1,3500,"8e907",6
NaN,1,3500,"8e907",7
5.59211137369432e-06,1,3500,"8e907",8
NaN,1,3500,"8e907",1
2.02223183617221e-05,1,3500,"8e907",2
2.62704128581867e-05,1,3500,"8e907",3
2.49898923338217e-05,1,3500,"8e907",4
0.000110766973620453,1,3500,"8e907",5
NaN,1,3500,"8e907",6
NaN,1,3500,"8e907",7
2.88987395163475e-05,1,3500,"8e907",8
1.52033914825157e-05,1,3500,"8e907",1
2.13926256573319e-05,1,3500,"8e907",2
2.28077834964768e-05,1,3500,"8e907",3
2.71201970980339e-05,1,3500,"8e907",4
0.000112714559825294,1,3500,"8e907",5
NaN,1,3500,"8e907",6
NaN,1,3500,"8e907",7
2.79186233548192e-05,1,3500,"8e907",8
1.90050214016123e-05,1,3500,"8e907",1
2.17156407865684e-05,1,3500,"8e907",2
2.71125451049496e-05,1,3500,"8e907",3
5.95586638400461e-05,1,3500,"8e907",4
0.000177092136142561,1,3500,"8e907",5
NaN,1,3500,"8e907",6
NaN,1,3500,"8e907",7
1.2268631009025e-06,1,3500,"8e907",8
2.45562695111271e-05,1,3500,"8e907",1
2.5055440664538e-05,1,3500,"8e907",2
3.19931245528373e-05,1,3500,"8e907",3
2.15652403759373e-05,1,3500,"8e907",4
0.000112214844653565,1,3500,"8e907",5
NaN,1,3500,"8e907",6
NaN,1,3500,"8e907",7
NaN,1,3500,"8e907",8
4.77031001332931e-06,1,3500,"8e907",1
9.47439929992343e-06,1,3500,"8e907",2
1.91278713086221e-05,1,3500,"8e907",3
1.19009026868893e-05,1,3500,"8e907",4
0.000104916380797745,1,3500,"8e907",5
NaN,1,3500,"8e907",6
NaN,1,3500,"8e907",7
3.18796720000065e-06,1,3500,"8e907",8
1.02809649335208e-05,1,3500,"8e907",1
1.66708785170677e-05,1,3500,"8e907",2
1.42074944509608e-05,1,3500,"8e907",3
2.15830118409382e-05,1,3500,"8e907",4
0.000117075535853916,1,3500,"8e907",5
NaN,1,3500,"8e907",6
NaN,1,3500,"8e907",7
NaN,1,3500,"8e907",8
2.81907320442513e-05,1,3500,"8e907",1
1.70649845675894e-05,1,3500,"8e907",2
2.40868068954506e-05,1,3500,"8e907",3
3.19633974559794e-05,1,3500,"8e907",4
0.000155414740575903,1,3500,"8e907",5
NaN,1,3500,"8e907",6
NaN,1,3500,"8e907",7
1.35687082228011e-05,1,3500,"8e907",8
7.30176422298572e-06,1,3500,"8e907",1
9.21132886332277e-06,1,3500,"8e907",2
1.52114352361988e-05,1,3500,"8e907",3
2.81760962063244e-05,1,3500,"8e907",4
0.000146940629153226,1,3500,"8e907",5
NaN,1,3500,"8e907",6
NaN,1,3500,"8e907",7
NaN,1,3500,"8e907",8
NaN,1,3500,"8e907",1
1.76105692228031e-05,1,3500,"8e907",2
2.25344907878673e-05,1,3500,"8e907",3
2.69605655269338e-05,1,3500,"8e907",4
0.000139377913180947,1,3500,"8e907",5
NaN,1,3500,"8e907",6
NaN,1,3500,"8e907",7
1.04180951847449e-06,1,3500,"8e907",8
1.36553318702652e-05,1,3500,"8e907",1
2.10247559637749e-05,1,3500,"8e907",2
2.47094261317649e-05,1,3500,"8e907",3
3.47106366796344e-05,1,3500,"8e907",4
0.000141007258577214,1,3500,"8e907",5
NaN,1,3500,"8e907",6
NaN,1,3500,"8e907",7
NaN,1,3500,"8e907",8
8.34897921186405e-06,1,3500,"8e907",1
5.73693698840212e-06,1,3500,"8e907",2
4.79797492862032e-06,1,3500,"8e907",3
1.09518041724175e-05,1,3500,"8e907",4
0.000122101691215615,1,3500,"8e907",5
NaN,1,3500,"8e907",6
NaN,1,3500,"8e907",7
NaN,1,3500,"8e907",8
1.33574322295781e-05,1,3500,"8e907",1
2.24435816926572e-05,1,3500,"8e907",2
1.26565588512423e-05,1,3500,"8e907",3
4.09991081306409e-06,1,3500,"8e907",4
5.86088498266171e-05,1,3500,"8e907",5
NaN,1,3500,"8e907",6
NaN,1,3500,"8e907",7
NaN,1,3500,"8e907",8
NaN,1,3500,"8e907",1
3.17227505368239e-06,1,3500,"8e907",2
4.67023032580564e-06,1,3500,"8e907",3
6.64014019874016e-06,1,3500,"8e907",4
0.00016447530139851,1,3500,"8e907",5
NaN,1,3500,"8e907",6
NaN,1,3500,"8e907",7
5.92406576644686e-06,1,3500,"8e907",8
1.0978502507216e-05,1,3500,"8e907",1
1.6250948599232e-05,1,3500,"8e907",2
3.07705777465393e-06,1,3500,"8e907",3
3.19977035169148e-06,1,3500,"8e907",4
7.11082145405019e-05,1,3500,"8e907",5
NaN,1,3500,"8e907",6
NaN,1,3500,"8e907",7
9.60944863373562e-06,1,3500,"8e907",8
4.04801596120646e-05,1,4000,"8e907",1
2.72766376854368e-05,1,4000,"8e907",2
4.59891100805232e-05,1,4000,"8e907",3
6.95877718167016e-05,1,4000,"8e907",4
0.000238979842424305,1,4000,"8e907",5
NaN,1,4000,"8e907",6
NaN,1,4000,"8e907",7
NaN,1,4000,"8e907",8
NaN,1,4000,"8e907",1
NaN,1,4000,"8e907",2
NaN,1,4000,"8e907",3
2.6790763121022e-05,1,4000,"8e907",4
0.00017761008486255,1,4000,"8e907",5
NaN,1,4000,"8e907",6
NaN,1,4000,"8e907",7
NaN,1,4000,"8e907",8
NaN,1,4000,"8e907",1
NaN,1,4000,"8e907",2
5.32970483704191e-06,1,4000,"8e907",3
1.72725671243553e-05,1,4000,"8e907",4
0.000163226828337473,1,4000,"8e907",5
NaN,1,4000,"8e907",6
NaN,1,4000,"8e907",7
NaN,1,4000,"8e907",8
NaN,1,4000,"8e907",1
1.06534028478241e-05,1,4000,"8e907",2
6.50521500432196e-06,1,4000,"8e907",3
2.00188954726893e-05,1,4000,"8e907",4
0.00011251296233107,1,4000,"8e907",5
NaN,1,4000,"8e907",6
NaN,1,4000,"8e907",7
5.06780083017976e-06,1,4000,"8e907",8
1.26487013629729e-05,1,4000,"8e907",1
2.0744500100369e-05,1,4000,"8e907",2
2.47293526038044e-05,1,4000,"8e907",3
3.27729296731391e-05,1,4000,"8e907",4
0.000198168663615833,1,4000,"8e907",5
NaN,1,4000,"8e907",6
NaN,1,4000,"8e907",7
1.35976016636888e-05,1,4000,"8e907",8
NaN,1,4000,"8e907",1
1.33425403166317e-05,1,4000,"8e907",2
1.59169516903008e-05,1,4000,"8e907",3
2.2289736087313e-05,1,4000,"8e907",4
0.000185703841590033,1,4000,"8e907",5
NaN,1,4000,"8e907",6
NaN,1,4000,"8e907",7
3.1486706979725e-05,1,4000,"8e907",8
NaN,1,4000,"8e907",1
1.82558567588721e-05,1,4000,"8e907",2
2.40867827548792e-05,1,4000,"8e907",3
3.77001155050543e-05,1,4000,"8e907",4
0.000142344246856191,1,4000,"8e907",5
NaN,1,4000,"8e907",6
NaN,1,4000,"8e907",7
4.28236310168393e-06,1,4000,"8e907",8
1.49779184961137e-05,1,4000,"8e907",1
1.90204598305974e-05,1,4000,"8e907",2
2.4481617740424e-05,1,4000,"8e907",3
3.21114717906192e-05,1,4000,"8e907",4
0.000146873293091582,1,4000,"8e907",5
NaN,1,4000,"8e907",6
NaN,1,4000,"8e907",7
2.7068559918465e-05,1,4000,"8e907",8
8.6827813800153e-06,1,4000,"8e907",1
1.35015718515845e-05,1,4000,"8e907",2
2.33876784185272e-05,1,4000,"8e907",3
2.989770396394e-05,1,4000,"8e907",4
0.000197332708631547,1,4000,"8e907",5
NaN,1,4000,"8e907",6
NaN,1,4000,"8e907",7
1.21119401767066e-05,1,4000,"8e907",8
7.30329762814811e-06,1,4000,"8e907",1
NaN,1,4000,"8e907",2
2.61371399326422e-05,1,4000,"8e907",3
2.3524999765661e-05,1,4000,"8e907",4
0.000150309729496493,1,4000,"8e907",5
NaN,1,4000,"8e907",6
NaN,1,4000,"8e907",7
4.05379203141381e-06,1,4000,"8e907",8
4.21947175255909e-05,1,4000,"8e907",1
3.93348063361261e-05,1,4000,"8e907",2
3.48172960164015e-05,1,4000,"8e907",3
2.37416854142708e-05,1,4000,"8e907",4
0.000191005186018757,1,4000,"8e907",5
NaN,1,4000,"8e907",6
NaN,1,4000,"8e907",7
NaN,1,4000,"8e907",8
1.30448948185631e-05,1,4000,"8e907",1
7.38562037332355e-06,1,4000,"8e907",2
2.42459556461665e-05,1,4000,"8e907",3
2.96883340098422e-05,1,4000,"8e907",4
0.000181336622173739,1,4000,"8e907",5
NaN,1,4000,"8e907",6
NaN,1,4000,"8e907",7
NaN,1,4000,"8e907",8
5.45326579551582e-06,1,4000,"8e907",1
1.66598184867484e-05,1,4000,"8e907",2
6.15299632933408e-06,1,4000,"8e907",3
4.82603558545681e-05,1,4000,"8e907",4
0.000156621915265632,1,4000,"8e907",5
NaN,1,4000,"8e907",6
NaN,1,4000,"8e907",7
1.57764755146164e-05,1,4000,"8e907",8
6.24519933735613e-06,1,4000,"8e907",1
7.68026449109514e-06,1,4000,"8e907",2
1.38513222701395e-05,1,4000,"8e907",3
NaN,1,4000,"8e907",4
0.000139891752024973,1,4000,"8e907",5
NaN,1,4000,"8e907",6
NaN,1,4000,"8e907",7
7.60348005783988e-06,1,4000,"8e907",8
NaN,1,4000,"8e907",1
3.15517856142869e-05,1,4000,"8e907",2
1.88596329926539e-05,1,4000,"8e907",3
2.41824075763093e-05,1,4000,"8e907",4
0.000169367286728003,1,4000,"8e907",5
NaN,1,4000,"8e907",6
NaN,1,4000,"8e907",7
6.13025356059283e-06,1,4000,"8e907",8
5.23334667867195e-06,1,4000,"8e907",1
1.07720811960498e-06,1,4000,"8e907",2
1.73593514974286e-06,1,4000,"8e907",3
2.72431937569282e-05,1,4000,"8e907",4
0.000178703248210228,1,4000,"8e907",5
NaN,1,4000,"8e907",6
NaN,1,4000,"8e907",7
NaN,1,4000,"8e907",8
1.59902856512149e-05,1,4000,"8e907",1
8.7244529652233e-06,1,4000,"8e907",2
3.91329986889624e-06,1,4000,"8e907",3
9.32928023507284e-06,1,4000,"8e907",4
0.000139553744707265,1,4000,"8e907",5
NaN,1,4000,"8e907",6
NaN,1,4000,"8e907",7
NaN,1,4000,"8e907",8
2.11038793747134e-05,1,4000,"8e907",1
1.56361931623668e-05,1,4000,"8e907",2
1.65289868836562e-05,1,4000,"8e907",3
1.03049305675233e-05,1,4000,"8e907",4
0.000106985406329654,1,4000,"8e907",5
NaN,1,4000,"8e907",6
NaN,1,4000,"8e907",7
NaN,1,4000,"8e907",8
5.51349889730311e-06,1,4000,"8e907",1
1.33441281629743e-05,1,4000,"8e907",2
1.04708775228791e-05,1,4000,"8e907",3
1.91741314889529e-05,1,4000,"8e907",4
0.000133276929700621,1,4000,"8e907",5
NaN,1,4000,"8e907",6
NaN,1,4000,"8e907",7
NaN,1,4000,"8e907",8
1.38333377680661e-06,1,4000,"8e907",1
5.04905545928453e-06,1,4000,"8e907",2
9.86253147422868e-06,1,4000,"8e907",3
5.46560354680723e-06,1,4000,"8e907",4
0.000116821786330146,1,4000,"8e907",5
NaN,1,4000,"8e907",6
NaN,1,4000,"8e907",7
NaN,1,4000,"8e907",8
1.13902717786577e-05,1,4500,"8e907",1
1.36564543092703e-05,1,4500,"8e907",2
9.50565896664874e-06,1,4500,"8e907",3
2.32093560407513e-05,1,4500,"8e907",4
0.000138330997902039,1,4500,"8e907",5
NaN,1,4500,"8e907",6
NaN,1,4500,"8e907",7
NaN,1,4500,"8e907",8
NaN,1,4500,"8e907",1
NaN,1,4500,"8e907",2
NaN,1,4500,"8e907",3
8.22416280078344e-05,1,4500,"8e907",4
0.000275801108811085,1,4500,"8e907",5
NaN,1,4500,"8e907",6
NaN,1,4500,"8e907",7
NaN,1,4500,"8e907",8
NaN,1,4500,"8e907",1
NaN,1,4500,"8e907",2
2.97157867727902e-05,1,4500,"8e907",3
5.05124097564082e-05,1,4500,"8e907",4
0.000245586273463577,1,4500,"8e907",5
NaN,1,4500,"8e907",6
NaN,1,4500,"8e907",7
NaN,1,4500,"8e907",8
NaN,1,4500,"8e907",1
NaN,1,4500,"8e907",2
2.7849345244814e-05,1,4500,"8e907",3
3.39325880753442e-05,1,4500,"8e907",4
0.000203442924725545,1,4500,"8e907",5
NaN,1,4500,"8e907",6
NaN,1,4500,"8e907",7
1.53561326603646e-06,1,4500,"8e907",8
1.98309912386057e-05,1,4500,"8e907",1
2.63874318848617e-05,1,4500,"8e907",2
2.62163696796848e-05,1,4500,"8e907",3
4.73564205404093e-05,1,4500,"8e907",4
0.000197459110660521,1,4500,"8e907",5
NaN,1,4500,"8e907",6
NaN,1,4500,"8e907",7
3.70246280911754e-06,1,4500,"8e907",8
NaN,1,4500,"8e907",1
1.56016798748323e-05,1,4500,"8e907",2
2.59896181755242e-05,1,4500,"8e907",3
6.28640431691174e-06,1,4500,"8e907",4
0.00017529961547787,1,4500,"8e907",5
NaN,1,4500,"8e907",6
NaN,1,4500,"8e907",7
2.24544127353726e-05,1,4500,"8e907",8
NaN,1,4500,"8e907",1
6.30630655973059e-06,1,4500,"8e907",2
2.99428300107223e-05,1,4500,"8e907",3
2.95474338732959e-05,1,4500,"8e907",4
0.000187691110363032,1,4500,"8e907",5
NaN,1,4500,"8e907",6
NaN,1,4500,"8e907",7
NaN,1,4500,"8e907",8
NaN,1,4500,"8e907",1
2.07162773274758e-05,1,4500,"8e907",2
2.17138266537405e-05,1,4500,"8e907",3
4.24113660615633e-05,1,4500,"8e907",4
0.000170638331111291,1,4500,"8e907",5
NaN,1,4500,"8e907",6
NaN,1,4500,"8e907",7
7.11457006862013e-06,1,4500,"8e907",8
1.54456141482578e-05,1,4500,"8e907",1
2.19427718775512e-05,1,4500,"8e907",2
3.91520753467276e-05,1,4500,"8e907",3
4.80098861392241e-05,1,4500,"8e907",4
0.000179798081429503,1,4500,"8e907",5
NaN,1,4500,"8e907",6
NaN,1,4500,"8e907",7
1.27042978469145e-05,1,4500,"8e907",8
9.80963000695451e-06,1,4500,"8e907",1
2.28375175402029e-05,1,4500,"8e907",2
2.49646178641382e-05,1,4500,"8e907",3
4.1368570900867e-05,1,4500,"8e907",4
0.000231901749713693,1,4500,"8e907",5
NaN,1,4500,"8e907",6
NaN,1,4500,"8e907",7
NaN,1,4500,"8e907",8
1.07717376039715e-05,1,4500,"8e907",1
1.12644129412019e-05,1,4500,"8e907",2
5.56216039521537e-06,1,4500,"8e907",3
2.3644145711023e-05,1,4500,"8e907",4
0.000203816532643831,1,4500,"8e907",5
NaN,1,4500,"8e907",6
NaN,1,4500,"8e907",7
NaN,1,4500,"8e907",8
1.58818739706025e-05,1,4500,"8e907",1
2.24826263818267e-05,1,4500,"8e907",2
3.13916146312412e-05,1,4500,"8e907",3
3.85704708555899e-05,1,4500,"8e907",4
0.000163666420496203,1,4500,"8e907",5
NaN,1,4500,"8e907",6
NaN,1,4500,"8e907",7
6.52539753101866e-06,1,4500,"8e907",8
1.82352386951286e-05,1,4500,"8e907",1
1.15944200311694e-05,1,4500,"8e907",2
2.36607309578845e-05,1,4500,"8e907",3
4.48851567302867e-05,1,4500,"8e907",4
0.000305358204632971,1,4500,"8e907",5
NaN,1,4500,"8e907",6
NaN,1,4500,"8e907",7
3.9589530221033e-06,1,4500,"8e907",8
6.75646515108949e-06,1,4500,"8e907",1
1.41004731200123e-05,1,4500,"8e907",2
1.95917465925108e-05,1,4500,"8e907",3
4.55237910223379e-05,1,4500,"8e907",4
0.000204094266559808,1,4500,"8e907",5
NaN,1,4500,"8e907",6
NaN,1,4500,"8e907",7
9.14191680747009e-06,1,4500,"8e907",8
2.69105143727057e-05,1,4500,"8e907",1
3.50023655547134e-05,1,4500,"8e907",2
4.0781701150804e-05,1,4500,"8e907",3
4.60732391030499e-05,1,4500,"8e907",4
0.000197671497764424,1,4500,"8e907",5
NaN,1,4500,"8e907",6
NaN,1,4500,"8e907",7
2.11934482446806e-05,1,4500,"8e907",8
4.89610030280127e-06,1,4500,"8e907",1
5.45037968763533e-06,1,4500,"8e907",2
1.05923769538702e-05,1,4500,"8e907",3
2.10702911207287e-05,1,4500,"8e907",4
0.000194124204030546,1,4500,"8e907",5
NaN,1,4500,"8e907",6
NaN,1,4500,"8e907",7
NaN,1,4500,"8e907",8
1.26143039203992e-05,1,4500,"8e907",1
1.706709113269e-06,1,4500,"8e907",2
5.59509648443981e-06,1,4500,"8e907",3
1.00473091754788e-05,1,4500,"8e907",4
0.000154546693265523,1,4500,"8e907",5
NaN,1,4500,"8e907",6
NaN,1,4500,"8e907",7
NaN,1,4500,"8e907",8
2.74885834071953e-05,1,4500,"8e907",1
2.12023390900991e-05,1,4500,"8e907",2
3.2711696571416e-05,1,4500,"8e907",3
5.86386567730327e-05,1,4500,"8e907",4
0.00019475704724564,1,4500,"8e907",5
NaN,1,4500,"8e907",6
NaN,1,4500,"8e907",7
NaN,1,4500,"8e907",8
7.83112320682237e-06,1,4500,"8e907",1
7.71127156206041e-06,1,4500,"8e907",2
9.98071559349978e-06,1,4500,"8e907",3
2.47203405496228e-05,1,4500,"8e907",4
0.00022541330911916,1,4500,"8e907",5
NaN,1,4500,"8e907",6
NaN,1,4500,"8e907",7
NaN,1,4500,"8e907",8
5.87121941169313e-06,1,4500,"8e907",1
3.25828498657973e-05,1,4500,"8e907",2
3.61959213489299e-05,1,4500,"8e907",3
5.70699412337822e-05,1,4500,"8e907",4
0.000239777540556952,1,4500,"8e907",5
NaN,1,4500,"8e907",6
NaN,1,4500,"8e907",7
NaN,1,4500,"8e907",8
NaN,2,3000,"8e907",1
NaN,2,3000,"8e907",2
3.08396230973024e-05,2,3000,"8e907",3
1.32081989033369e-05,2,3000,"8e907",4
0.000129487507141387,2,3000,"8e907",5
NaN,2,3000,"8e907",6
NaN,2,3000,"8e907",7
NaN,2,3000,"8e907",8
NaN,2,3000,"8e907",1
NaN,2,3000,"8e907",2
NaN,2,3000,"8e907",3
2.38287637721579e-05,2,3000,"8e907",4
9.31657817851767e-05,2,3000,"8e907",5
NaN,2,3000,"8e907",6
NaN,2,3000,"8e907",7
NaN,2,3000,"8e907",8
NaN,2,3000,"8e907",1
NaN,2,3000,"8e907",2
5.20309468539717e-05,2,3000,"8e907",3
6.06198089260311e-05,2,3000,"8e907",4
8.51683585118645e-05,2,3000,"8e907",5
NaN,2,3000,"8e907",6
NaN,2,3000,"8e907",7
5.12331924698473e-05,2,3000,"8e907",8
NaN,2,3000,"8e907",1
5.34287017001487e-05,2,3000,"8e907",2
3.00780026336549e-05,2,3000,"8e907",3
5.79786419162185e-05,2,3000,"8e907",4
0.000113988471252583,2,3000,"8e907",5
NaN,2,3000,"8e907",6
NaN,2,3000,"8e907",7
NaN,2,3000,"8e907",8
2.05821612104188e-05,2,3000,"8e907",1
2.28143272814487e-05,2,3000,"8e907",2
1.8215907555656e-05,2,3000,"8e907",3
2.10827954169537e-05,2,3000,"8e907",4
0.000118335594890973,2,3000,"8e907",5
NaN,2,3000,"8e907",6
NaN,2,3000,"8e907",7
NaN,2,3000,"8e907",8
NaN,2,3000,"8e907",1
1.33305185791012e-05,2,3000,"8e907",2
1.32846791924443e-05,2,3000,"8e907",3
1.1893557511358e-05,2,3000,"8e907",4
7.84849894419062e-05,2,3000,"8e907",5
NaN,2,3000,"8e907",6
NaN,2,3000,"8e907",7
NaN,2,3000,"8e907",8
NaN,2,3000,"8e907",1
NaN,2,3000,"8e907",2
NaN,2,3000,"8e907",3
1.4055846709751e-05,2,3000,"8e907",4
4.17817823279755e-05,2,3000,"8e907",5
NaN,2,3000,"8e907",6
NaN,2,3000,"8e907",7
5.13188252714178e-06,2,3000,"8e907",8
NaN,2,3000,"8e907",1
1.7371708423478e-05,2,3000,"8e907",2
NaN,2,3000,"8e907",3
NaN,2,3000,"8e907",4
6.56332922079984e-05,2,3000,"8e907",5
NaN,2,3000,"8e907",6
NaN,2,3000,"8e907",7
2.09194174333337e-06,2,3000,"8e907",8
1.12239188464695e-05,2,3000,"8e907",1
1.32877419265959e-05,2,3000,"8e907",2
1.20082211228885e-05,2,3000,"8e907",3
1.57010909643015e-05,2,3000,"8e907",4
6.29527088783385e-05,2,3000,"8e907",5
NaN,2,3000,"8e907",6
NaN,2,3000,"8e907",7
NaN,2,3000,"8e907",8
9.79815131502251e-06,2,3000,"8e907",1
6.01690150251373e-06,2,3000,"8e907",2
1.13725445738537e-05,2,3000,"8e907",3
8.71614007509592e-06,2,3000,"8e907",4
4.31114483128447e-05,2,3000,"8e907",5
NaN,2,3000,"8e907",6
NaN,2,3000,"8e907",7
NaN,2,3000,"8e907",8
5.15257845198455e-06,2,3000,"8e907",1
1.07475184205088e-05,2,3000,"8e907",2
1.01990018693103e-05,2,3000,"8e907",3
8.14571446731242e-06,2,3000,"8e907",4
9.53514933180243e-05,2,3000,"8e907",5
NaN,2,3000,"8e907",6
NaN,2,3000,"8e907",7
NaN,2,3000,"8e907",8
NaN,2,3000,"8e907",1
NaN,2,3000,"8e907",2
NaN,2,3000,"8e907",3
NaN,2,3000,"8e907",4
0.000106584653911884,2,3000,"8e907",5
NaN,2,3000,"8e907",6
NaN,2,3000,"8e907",7
NaN,2,3000,"8e907",8
5.42022641607437e-06,2,3000,"8e907",1
2.00000031141935e-05,2,3000,"8e907",2
1.24116113776796e-05,2,3000,"8e907",3
1.19553040522808e-05,2,3000,"8e907",4
9.63188851936335e-05,2,3000,"8e907",5
NaN,2,3000,"8e907",6
NaN,2,3000,"8e907",7
NaN,2,3000,"8e907",8
3.22443647982401e-05,2,3000,"8e907",1
2.39094758302782e-05,2,3000,"8e907",2
2.14894299387244e-05,2,3000,"8e907",3
3.19858786189484e-05,2,3000,"8e907",4
7.89651506558168e-05,2,3000,"8e907",5
NaN,2,3000,"8e907",6
NaN,2,3000,"8e907",7
NaN,2,3000,"8e907",8
6.35877496219429e-06,2,3000,"8e907",1
2.7689462694309e-05,2,3000,"8e907",2
2.80815723903656e-05,2,3000,"8e907",3
4.71215055667413e-05,2,3000,"8e907",4
9.41054838275628e-05,2,3000,"8e907",5
NaN,2,3000,"8e907",6
NaN,2,3000,"8e907",7
NaN,2,3000,"8e907",8
4.29348013888464e-06,2,3000,"8e907",1
2.02935416537976e-05,2,3000,"8e907",2
2.16966320867412e-05,2,3000,"8e907",3
3.43447058921768e-05,2,3000,"8e907",4
0.000132065713939098,2,3000,"8e907",5
NaN,2,3000,"8e907",6
NaN,2,3000,"8e907",7
NaN,2,3000,"8e907",8
3.94162755557214e-06,2,3000,"8e907",1
3.92709855684974e-06,2,3000,"8e907",2
9.6145846667725e-06,2,3000,"8e907",3
1.66553203679137e-05,2,3000,"8e907",4
7.4917897754314e-05,2,3000,"8e907",5
NaN,2,3000,"8e907",6
NaN,2,3000,"8e907",7
NaN,2,3000,"8e907",8
1.01880221448559e-05,2,3000,"8e907",1
NaN,2,3000,"8e907",2
NaN,2,3000,"8e907",3
NaN,2,3000,"8e907",4
5.42320023803147e-05,2,3000,"8e907",5
NaN,2,3000,"8e907",6
NaN,2,3000,"8e907",7
NaN,2,3000,"8e907",8
3.28816567515043e-05,2,3000,"8e907",1
3.07618661301503e-05,2,3000,"8e907",2
3.08932089290199e-05,2,3000,"8e907",3
3.46018911663196e-05,2,3000,"8e907",4
6.55635853480287e-05,2,3000,"8e907",5
NaN,2,3000,"8e907",6
NaN,2,3000,"8e907",7
1.91847446665228e-05,2,3000,"8e907",8
NaN,2,3000,"8e907",1
1.70265390870451e-05,2,3000,"8e907",2
2.18895534909889e-05,2,3000,"8e907",3
3.47488255201613e-05,2,3000,"8e907",4
0.000123082290463096,2,3000,"8e907",5
NaN,2,3000,"8e907",6
NaN,2,3000,"8e907",7
NaN,2,3000,"8e907",8
1.34851600746432e-05,2,3500,"8e907",1
NaN,2,3500,"8e907",2
1.0052920773677e-05,2,3500,"8e907",3
3.28716630729555e-05,2,3500,"8e907",4
8.46104170209951e-05,2,3500,"8e907",5
NaN,2,3500,"8e907",6
NaN,2,3500,"8e907",7
NaN,2,3500,"8e907",8
NaN,2,3500,"8e907",1
NaN,2,3500,"8e907",2
NaN,2,3500,"8e907",3
2.4999189509341e-05,2,3500,"8e907",4
0.000118600789232427,2,3500,"8e907",5
NaN,2,3500,"8e907",6
NaN,2,3500,"8e907",7
NaN,2,3500,"8e907",8
NaN,2,3500,"8e907",1
NaN,2,3500,"8e907",2
8.64729138908464e-06,2,3500,"8e907",3
1.79089800355687e-05,2,3500,"8e907",4
0.00012643186838865,2,3500,"8e907",5
NaN,2,3500,"8e907",6
NaN,2,3500,"8e907",7
NaN,2,3500,"8e907",8
NaN,2,3500,"8e907",1
1.59877587810117e-05,2,3500,"8e907",2
2.4593032852007e-05,2,3500,"8e907",3
3.38435033366233e-05,2,3500,"8e907",4
0.000128641636005003,2,3500,"8e907",5
NaN,2,3500,"8e907",6
NaN,2,3500,"8e907",7
NaN,2,3500,"8e907",8
1.79004045905592e-05,2,3500,"8e907",1
1.0829619723923e-05,2,3500,"8e907",2
1.59657360142418e-05,2,3500,"8e907",3
3.22041164704699e-05,2,3500,"8e907",4
0.00011671755875604,2,3500,"8e907",5
NaN,2,3500,"8e907",6
NaN,2,3500,"8e907",7
NaN,2,3500,"8e907",8
NaN,2,3500,"8e907",1
1.10156214643701e-05,2,3500,"8e907",2
2.30430734120989e-05,2,3500,"8e907",3
4.00325510167698e-05,2,3500,"8e907",4
0.000197776370029514,2,3500,"8e907",5
NaN,2,3500,"8e907",6
NaN,2,3500,"8e907",7
NaN,2,3500,"8e907",8
NaN,2,3500,"8e907",1
NaN,2,3500,"8e907",2
NaN,2,3500,"8e907",3
NaN,2,3500,"8e907",4
0.000120784354218484,2,3500,"8e907",5
NaN,2,3500,"8e907",6
NaN,2,3500,"8e907",7
NaN,2,3500,"8e907",8
NaN,2,3500,"8e907",1
1.72725158786432e-05,2,3500,"8e907",2
1.40064837423524e-05,2,3500,"8e907",3
2.20893837592069e-05,2,3500,"8e907",4
0.000140988190871052,2,3500,"8e907",5
NaN,2,3500,"8e907",6
NaN,2,3500,"8e907",7
9.0791360452932e-06,2,3500,"8e907",8
2.05822152054771e-05,2,3500,"8e907",1
5.85209571439396e-06,2,3500,"8e907",2
5.76457736062728e-06,2,3500,"8e907",3
NaN,2,3500,"8e907",4
9.83223709577494e-05,2,3500,"8e907",5
NaN,2,3500,"8e907",6
NaN,2,3500,"8e907",7
NaN,2,3500,"8e907",8
NaN,2,3500,"8e907",1
5.3565515444149e-06,2,3500,"8e907",2
2.7822502340037e-05,2,3500,"8e907",3
1.93062187291156e-05,2,3500,"8e907",4
0.000140582252348395,2,3500,"8e907",5
NaN,2,3500,"8e907",6
NaN,2,3500,"8e907",7
NaN,2,3500,"8e907",8
NaN,2,3500,"8e907",1
NaN,2,3500,"8e907",2
NaN,2,3500,"8e907",3
NaN,2,3500,"8e907",4
0.000138214728895182,2,3500,"8e907",5
NaN,2,3500,"8e907",6
NaN,2,3500,"8e907",7
NaN,2,3500,"8e907",8
NaN,2,3500,"8e907",1
3.16596435759117e-05,2,3500,"8e907",2
1.24877686281505e-05,2,3500,"8e907",3
1.42597256751323e-05,2,3500,"8e907",4
0.00016137456919001,2,3500,"8e907",5
NaN,2,3500,"8e907",6
NaN,2,3500,"8e907",7
4.08303486332955e-06,2,3500,"8e907",8
4.07826024931919e-06,2,3500,"8e907",1
8.47827873379881e-06,2,3500,"8e907",2
6.4451668173794e-06,2,3500,"8e907",3
9.67796362152301e-06,2,3500,"8e907",4
0.000125195438097432,2,3500,"8e907",5
NaN,2,3500,"8e907",6
NaN,2,3500,"8e907",7
NaN,2,3500,"8e907",8
4.59865290831317e-06,2,3500,"8e907",1
1.55653387347904e-05,2,3500,"8e907",2
1.89863917408542e-05,2,3500,"8e907",3
4.94140944877507e-05,2,3500,"8e907",4
0.000207617759909138,2,3500,"8e907",5
NaN,2,3500,"8e907",6
NaN,2,3500,"8e907",7
NaN,2,3500,"8e907",8
1.05980217028383e-05,2,3500,"8e907",1
6.42693651598118e-06,2,3500,"8e907",2
1.26067779671948e-05,2,3500,"8e907",3
3.50220485806907e-05,2,3500,"8e907",4
0.000151691996696726,2,3500,"8e907",5
NaN,2,3500,"8e907",6
NaN,2,3500,"8e907",7
NaN,2,3500,"8e907",8
5.86997275219064e-06,2,3500,"8e907",1
5.63765884829271e-06,2,3500,"8e907",2
7.5450247548306e-06,2,3500,"8e907",3
2.57347325060676e-05,2,3500,"8e907",4
0.000118386001340327,2,3500,"8e907",5
NaN,2,3500,"8e907",6
NaN,2,3500,"8e907",7
NaN,2,3500,"8e907",8
3.63938207244773e-05,2,3500,"8e907",1
3.02137969245713e-05,2,3500,"8e907",2
3.62224412874854e-05,2,3500,"8e907",3
2.22376155191668e-05,2,3500,"8e907",4
0.000104691887144204,2,3500,"8e907",5
NaN,2,3500,"8e907",6
NaN,2,3500,"8e907",7
NaN,2,3500,"8e907",8
1.59528920166297e-05,2,3500,"8e907",1
1.62799318348742e-05,2,3500,"8e907",2
3.02708110438139e-05,2,3500,"8e907",3
4.23528265163364e-05,2,3500,"8e907",4
0.00012656889667348,2,3500,"8e907",5
NaN,2,3500,"8e907",6
NaN,2,3500,"8e907",7
NaN,2,3500,"8e907",8
NaN,2,3500,"8e907",1
4.82052740603957e-06,2,3500,"8e907",2
1.03531142745034e-05,2,3500,"8e907",3
2.08086191944219e-05,2,3500,"8e907",4
0.000139932168458135,2,3500,"8e907",5
NaN,2,3500,"8e907",6
NaN,2,3500,"8e907",7
1.62189960377027e-06,2,3500,"8e907",8
1.69695826562992e-05,2,3500,"8e907",1
1.11170359953848e-05,2,3500,"8e907",2
1.65735125385113e-05,2,3500,"8e907",3
3.93842164225081e-05,2,3500,"8e907",4
0.000113597490869968,2,3500,"8e907",5
NaN,2,3500,"8e907",6
NaN,2,3500,"8e907",7
1.45443409380521e-05,2,3500,"8e907",8
7.69317567863276e-06,2,4000,"8e907",1
7.22442999259644e-06,2,4000,"8e907",2
1.45468483751307e-05,2,4000,"8e907",3
2.73926868502633e-05,2,4000,"8e907",4
0.00011678711444001,2,4000,"8e907",5
NaN,2,4000,"8e907",6
NaN,2,4000,"8e907",7
NaN,2,4000,"8e907",8
NaN,2,4000,"8e907",1
NaN,2,4000,"8e907",2
NaN,2,4000,"8e907",3
2.2889933428135e-05,2,4000,"8e907",4
0.000154143239774587,2,4000,"8e907",5
NaN,2,4000,"8e907",6
NaN,2,4000,"8e907",7
NaN,2,4000,"8e907",8
NaN,2,4000,"8e907",1
NaN,2,4000,"8e907",2
8.476965386674e-06,2,4000,"8e907",3
2.95867962588842e-05,2,4000,"8e907",4
0.000189727342780863,2,4000,"8e907",5
NaN,2,4000,"8e907",6
NaN,2,4000,"8e907",7
NaN,2,4000,"8e907",8
NaN,2,4000,"8e907",1
1.76791470748201e-05,2,4000,"8e907",2
1.92068774882862e-05,2,4000,"8e907",3
2.17979903549854e-05,2,4000,"8e907",4
0.000127407850137639,2,4000,"8e907",5
NaN,2,4000,"8e907",6
NaN,2,4000,"8e907",7
NaN,2,4000,"8e907",8
NaN,2,4000,"8e907",1
2.65432118408226e-05,2,4000,"8e907",2
3.32069920060005e-05,2,4000,"8e907",3
4.13994936631151e-05,2,4000,"8e907",4
0.000171638334264427,2,4000,"8e907",5
NaN,2,4000,"8e907",6
NaN,2,4000,"8e907",7
NaN,2,4000,"8e907",8
NaN,2,4000,"8e907",1
1.8728682504466e-05,2,4000,"8e907",2
2.30164082633689e-05,2,4000,"8e907",3
3.05676520507435e-05,2,4000,"8e907",4
0.000122165094600565,2,4000,"8e907",5
NaN,2,4000,"8e907",6
NaN,2,4000,"8e907",7
NaN,2,4000,"8e907",8
NaN,2,4000,"8e907",1
3.94792823001346e-06,2,4000,"8e907",2
1.40472888688674e-05,2,4000,"8e907",3
3.08867271637056e-05,2,4000,"8e907",4
0.00016280573157302,2,4000,"8e907",5
NaN,2,4000,"8e907",6
NaN,2,4000,"8e907",7
NaN,2,4000,"8e907",8
2.44721788556104e-05,2,4000,"8e907",1
3.08775138566535e-05,2,4000,"8e907",2
4.36528384525747e-05,2,4000,"8e907",3
4.61559311040321e-05,2,4000,"8e907",4
0.000235321418663626,2,4000,"8e907",5
NaN,2,4000,"8e907",6
NaN,2,4000,"8e907",7
3.24314908841513e-06,2,4000,"8e907",8
NaN,2,4000,"8e907",1
1.1600452485443e-05,2,4000,"8e907",2
1.08678367784105e-05,2,4000,"8e907",3
1.14226016463018e-05,2,4000,"8e907",4
0.00013650973579999,2,4000,"8e907",5
NaN,2,4000,"8e907",6
NaN,2,4000,"8e907",7
NaN,2,4000,"8e907",8
1.60231906320558e-05,2,4000,"8e907",1
6.1437269687809e-06,2,4000,"8e907",2
1.60398910830781e-05,2,4000,"8e907",3
3.57436689040637e-05,2,4000,"8e907",4
0.000132079828290182,2,4000,"8e907",5
NaN,2,4000,"8e907",6
NaN,2,4000,"8e907",7
NaN,2,4000,"8e907",8
8.00851906710078e-06,2,4000,"8e907",1
7.70307131010667e-06,2,4000,"8e907",2
1.42958781251522e-05,2,4000,"8e907",3
1.47052999337878e-05,2,4000,"8e907",4
0.000104288750366279,2,4000,"8e907",5
NaN,2,4000,"8e907",6
NaN,2,4000,"8e907",7
1.43198935206821e-05,2,4000,"8e907",8
3.83499646734275e-05,2,4000,"8e907",1
4.60135444734141e-05,2,4000,"8e907",2
4.30329794961895e-05,2,4000,"8e907",3
5.82011394817989e-05,2,4000,"8e907",4
0.000219622332409791,2,4000,"8e907",5
NaN,2,4000,"8e907",6
NaN,2,4000,"8e907",7
4.21142641489456e-06,2,4000,"8e907",8
NaN,2,4000,"8e907",1
1.76478518048046e-05,2,4000,"8e907",2
2.14129689618789e-05,2,4000,"8e907",3
3.78849773601786e-05,2,4000,"8e907",4
0.00015864628910555,2,4000,"8e907",5
NaN,2,4000,"8e907",6
NaN,2,4000,"8e907",7
NaN,2,4000,"8e907",8
2.23159393920487e-06,2,4000,"8e907",1
1.53762673937757e-05,2,4000,"8e907",2
2.75986776344489e-05,2,4000,"8e907",3
6.05541581582323e-05,2,4000,"8e907",4
0.000235444843683119,2,4000,"8e907",5
NaN,2,4000,"8e907",6
NaN,2,4000,"8e907",7
NaN,2,4000,"8e907",8
2.58044567120303e-05,2,4000,"8e907",1
1.46355303057753e-05,2,4000,"8e907",2
2.59443040519673e-05,2,4000,"8e907",3
3.78353488362866e-05,2,4000,"8e907",4
0.000148708104115725,2,4000,"8e907",5
NaN,2,4000,"8e907",6
NaN,2,4000,"8e907",7
NaN,2,4000,"8e907",8
NaN,2,4000,"8e907",1
NaN,2,4000,"8e907",2
1.78933352244512e-06,2,4000,"8e907",3
1.37791934458001e-05,2,4000,"8e907",4
0.000128623285572324,2,4000,"8e907",5
NaN,2,4000,"8e907",6
NaN,2,4000,"8e907",7
NaN,2,4000,"8e907",8
2.92004685952897e-05,2,4000,"8e907",1
4.757698640114e-05,2,4000,"8e907",2
4.55380602559333e-05,2,4000,"8e907",3
7.54807431632849e-05,2,4000,"8e907",4
0.000202929240350725,2,4000,"8e907",5
NaN,2,4000,"8e907",6
NaN,2,4000,"8e907",7
NaN,2,4000,"8e907",8
3.09117723476845e-05,2,4000,"8e907",1
3.80430536891398e-05,2,4000,"8e907",2
4.62990468388958e-05,2,4000,"8e907",3
5.67500678579088e-05,2,4000,"8e907",4
0.000199210199256682,2,4000,"8e907",5
NaN,2,4000,"8e907",6
NaN,2,4000,"8e907",7
NaN,2,4000,"8e907",8
8.32837079229005e-06,2,4000,"8e907",1
1.91596539113599e-06,2,4000,"8e907",2
1.4018637759483e-05,2,4000,"8e907",3
2.77936590648306e-05,2,4000,"8e907",4
0.000159820821174446,2,4000,"8e907",5
NaN,2,4000,"8e907",6
NaN,2,4000,"8e907",7
NaN,2,4000,"8e907",8
1.65219912355165e-05,2,4000,"8e907",1
NaN,2,4000,"8e907",2
2.08256216231972e-05,2,4000,"8e907",3
2.3895966964914e-05,2,4000,"8e907",4
0.000140950889529382,2,4000,"8e907",5
NaN,2,4000,"8e907",6
NaN,2,4000,"8e907",7
3.0501487033384e-06,2,4000,"8e907",8
5.11869623946295e-06,2,4500,"8e907",1
2.53529590040668e-06,2,4500,"8e907",2
1.42927675960906e-05,2,4500,"8e907",3
2.20984445676084e-05,2,4500,"8e907",4
0.000152881875191635,2,4500,"8e907",5
NaN,2,4500,"8e907",6
NaN,2,4500,"8e907",7
1.26782240757177e-05,2,4500,"8e907",8
NaN,2,4500,"8e907",1
NaN,2,4500,"8e907",2
NaN,2,4500,"8e907",3
4.04270684269139e-05,2,4500,"8e907",4
0.000168273990514204,2,4500,"8e907",5
NaN,2,4500,"8e907",6
NaN,2,4500,"8e907",7
NaN,2,4500,"8e907",8
NaN,2,4500,"8e907",1
NaN,2,4500,"8e907",2
1.66862634014797e-05,2,4500,"8e907",3
4.87331455998346e-05,2,4500,"8e907",4
0.000266433644568707,2,4500,"8e907",5
NaN,2,4500,"8e907",6
NaN,2,4500,"8e907",7
NaN,2,4500,"8e907",8
NaN,2,4500,"8e907",1
3.00247832374126e-05,2,4500,"8e907",2
4.48178864278158e-05,2,4500,"8e907",3
8.70971540985937e-05,2,4500,"8e907",4
0.000257408231389947,2,4500,"8e907",5
NaN,2,4500,"8e907",6
NaN,2,4500,"8e907",7
NaN,2,4500,"8e907",8
1.66607872975356e-05,2,4500,"8e907",1
1.62477489090057e-05,2,4500,"8e907",2
2.47431956219902e-05,2,4500,"8e907",3
4.27441081420444e-05,2,4500,"8e907",4
0.000205824360373993,2,4500,"8e907",5
NaN,2,4500,"8e907",6
NaN,2,4500,"8e907",7
NaN,2,4500,"8e907",8
NaN,2,4500,"8e907",1
2.76822936015926e-05,2,4500,"8e907",2
4.35903132354142e-05,2,4500,"8e907",3
7.0392212418208e-05,2,4500,"8e907",4
0.000279946618751564,2,4500,"8e907",5
NaN,2,4500,"8e907",6
NaN,2,4500,"8e907",7
9.26438574119907e-06,2,4500,"8e907",8
NaN,2,4500,"8e907",1
NaN,2,4500,"8e907",2
5.10399157849226e-05,2,4500,"8e907",3
7.95010671633003e-05,2,4500,"8e907",4
0.000324042268545812,2,4500,"8e907",5
NaN,2,4500,"8e907",6
NaN,2,4500,"8e907",7
NaN,2,4500,"8e907",8
2.06318331197735e-05,2,4500,"8e907",1
2.094890714758e-05,2,4500,"8e907",2
2.9432229790533e-05,2,4500,"8e907",3
5.2435114049408e-05,2,4500,"8e907",4
0.000290099111805845,2,4500,"8e907",5
NaN,2,4500,"8e907",6
NaN,2,4500,"8e907",7
4.41234833344912e-06,2,4500,"8e907",8
5.95010143352993e-06,2,4500,"8e907",1
1.0108526299312e-05,2,4500,"8e907",2
1.51365363715102e-05,2,4500,"8e907",3
4.51492416428686e-05,2,4500,"8e907",4
0.000213805254266273,2,4500,"8e907",5
NaN,2,4500,"8e907",6
NaN,2,4500,"8e907",7
NaN,2,4500,"8e907",8
4.9479097482374e-06,2,4500,"8e907",1
2.83335224138344e-05,2,4500,"8e907",2
3.50397374101598e-05,2,4500,"8e907",3
5.1910492858118e-05,2,4500,"8e907",4
0.00019070905491668,2,4500,"8e907",5
NaN,2,4500,"8e907",6
NaN,2,4500,"8e907",7
5.0586296631832e-06,2,4500,"8e907",8
NaN,2,4500,"8e907",1
NaN,2,4500,"8e907",2
NaN,2,4500,"8e907",3
4.88010826806748e-05,2,4500,"8e907",4
0.000214770775447361,2,4500,"8e907",5
NaN,2,4500,"8e907",6
NaN,2,4500,"8e907",7
NaN,2,4500,"8e907",8
6.87969093627472e-06,2,4500,"8e907",1
1.19200995188493e-05,2,4500,"8e907",2
2.35471928656125e-05,2,4500,"8e907",3
4.79719570006553e-05,2,4500,"8e907",4
0.000201034337120944,2,4500,"8e907",5
NaN,2,4500,"8e907",6
NaN,2,4500,"8e907",7
5.52175187314237e-06,2,4500,"8e907",8
NaN,2,4500,"8e907",1
3.08984945494384e-05,2,4500,"8e907",2
2.94164317135751e-05,2,4500,"8e907",3
4.61746789158193e-05,2,4500,"8e907",4
0.000219409581854038,2,4500,"8e907",5
NaN,2,4500,"8e907",6
NaN,2,4500,"8e907",7
NaN,2,4500,"8e907",8
5.51374947032741e-06,2,4500,"8e907",1
9.20706234887323e-06,2,4500,"8e907",2
1.10086345606447e-05,2,4500,"8e907",3
3.29829918395534e-05,2,4500,"8e907",4
0.000185758784522254,2,4500,"8e907",5
NaN,2,4500,"8e907",6
NaN,2,4500,"8e907",7
NaN,2,4500,"8e907",8
2.4174787755886e-05,2,4500,"8e907",1
1.01432743623348e-05,2,4500,"8e907",2
1.79378303892408e-05,2,4500,"8e907",3
3.76873045178532e-05,2,4500,"8e907",4
0.000191086107346854,2,4500,"8e907",5
NaN,2,4500,"8e907",6
NaN,2,4500,"8e907",7
NaN,2,4500,"8e907",8
5.72656314878361e-06,2,4500,"8e907",1
4.52557463975955e-06,2,4500,"8e907",2
1.79900688510714e-05,2,4500,"8e907",3
4.75908311679851e-05,2,4500,"8e907",4
0.000232484116909173,2,4500,"8e907",5
NaN,2,4500,"8e907",6
NaN,2,4500,"8e907",7
NaN,2,4500,"8e907",8
2.73469834456657e-05,2,4500,"8e907",1
3.75007028177702e-05,2,4500,"8e907",2
4.79101110464729e-05,2,4500,"8e907",3
9.04610800179844e-05,2,4500,"8e907",4
0.00023473692402491,2,4500,"8e907",5
NaN,2,4500,"8e907",6
NaN,2,4500,"8e907",7
NaN,2,4500,"8e907",8
4.36689010703277e-05,2,4500,"8e907",1
5.99080839889992e-05,2,4500,"8e907",2
7.10876601945106e-05,2,4500,"8e907",3
7.82636663836753e-05,2,4500,"8e907",4
0.000238712471136778,2,4500,"8e907",5
NaN,2,4500,"8e907",6
NaN,2,4500,"8e907",7
8.94863002551341e-06,2,4500,"8e907",8
1.62712371388592e-05,2,4500,"8e907",1
1.56786891434608e-05,2,4500,"8e907",2
3.13114298693337e-05,2,4500,"8e907",3
6.02308441338598e-05,2,4500,"8e907",4
0.000238274944982356,2,4500,"8e907",5
NaN,2,4500,"8e907",6
NaN,2,4500,"8e907",7
NaN,2,4500,"8e907",8
7.55892922865647e-06,2,4500,"8e907",1
8.7948524276087e-06,2,4500,"8e907",2
1.81182485972262e-05,2,4500,"8e907",3
4.01855301925419e-05,2,4500,"8e907",4
0.000234800617193553,2,4500,"8e907",5
NaN,2,4500,"8e907",6
NaN,2,4500,"8e907",7
4.66432000407936e-06,2,4500,"8e907",8
1.01807667438713e-05,5,3000,"8e907",1
7.89641522121818e-06,5,3000,"8e907",2
1.02426477325469e-05,5,3000,"8e907",3
1.17650814099384e-05,5,3000,"8e907",4
8.4536983757429e-05,5,3000,"8e907",5
NaN,5,3000,"8e907",6
NaN,5,3000,"8e907",7
1.03419251480064e-05,5,3000,"8e907",8
NaN,5,3000,"8e907",1
NaN,5,3000,"8e907",2
NaN,5,3000,"8e907",3
1.84898041627541e-05,5,3000,"8e907",4
9.38473192845468e-05,5,3000,"8e907",5
NaN,5,3000,"8e907",6
NaN,5,3000,"8e907",7
5.55619096213897e-06,5,3000,"8e907",8
NaN,5,3000,"8e907",1
NaN,5,3000,"8e907",2
2.11054736736478e-06,5,3000,"8e907",3
1.73323232881207e-05,5,3000,"8e907",4
6.35642991602207e-05,5,3000,"8e907",5
NaN,5,3000,"8e907",6
NaN,5,3000,"8e907",7
5.74639459679984e-06,5,3000,"8e907",8
NaN,5,3000,"8e907",1
3.27870415518208e-05,5,3000,"8e907",2
4.29437093029447e-05,5,3000,"8e907",3
4.62550666778381e-05,5,3000,"8e907",4
0.000130820608859299,5,3000,"8e907",5
NaN,5,3000,"8e907",6
NaN,5,3000,"8e907",7
NaN,5,3000,"8e907",8
4.18988790065138e-06,5,3000,"8e907",1
5.85435697546331e-06,5,3000,"8e907",2
1.50403665821904e-05,5,3000,"8e907",3
2.64880072009859e-05,5,3000,"8e907",4
0.000122469846187541,5,3000,"8e907",5
NaN,5,3000,"8e907",6
NaN,5,3000,"8e907",7
NaN,5,3000,"8e907",8
NaN,5,3000,"8e907",1
NaN,5,3000,"8e907",2
1.38148049955288e-05,5,3000,"8e907",3
1.35375595120068e-05,5,3000,"8e907",4
6.14425924330579e-05,5,3000,"8e907",5
NaN,5,3000,"8e907",6
NaN,5,3000,"8e907",7
2.63362767909991e-06,5,3000,"8e907",8
NaN,5,3000,"8e907",1
2.05268456708006e-05,5,3000,"8e907",2
1.22215572950573e-05,5,3000,"8e907",3
3.53959942836756e-05,5,3000,"8e907",4
9.67793916624455e-05,5,3000,"8e907",5
NaN,5,3000,"8e907",6
NaN,5,3000,"8e907",7
NaN,5,3000,"8e907",8
1.09032702677534e-06,5,3000,"8e907",1
1.04211773379494e-05,5,3000,"8e907",2
1.20897307848979e-05,5,3000,"8e907",3
3.82856997202587e-05,5,3000,"8e907",4
0.000116713002977787,5,3000,"8e907",5
NaN,5,3000,"8e907",6
NaN,5,3000,"8e907",7
7.78991385249215e-06,5,3000,"8e907",8
2.91339186431009e-05,5,3000,"8e907",1
2.78670514456694e-05,5,3000,"8e907",2
2.37403056516405e-05,5,3000,"8e907",3
2.1243228228559e-05,5,3000,"8e907",4
7.89508501333673e-05,5,3000,"8e907",5
NaN,5,3000,"8e907",6
NaN,5,3000,"8e907",7
3.47870938164918e-05,5,3000,"8e907",8
1.68819673097221e-05,5,3000,"8e907",1
2.38868857489484e-05,5,3000,"8e907",2
1.93806200544589e-05,5,3000,"8e907",3
NaN,5,3000,"8e907",4
7.50617652701594e-05,5,3000,"8e907",5
NaN,5,3000,"8e907",6
NaN,5,3000,"8e907",7
NaN,5,3000,"8e907",8
4.45488751618184e-06,5,3000,"8e907",1
1.0415225657419e-06,5,3000,"8e907",2
5.28247430410538e-06,5,3000,"8e907",3
2.09019034860511e-06,5,3000,"8e907",4
0.00012177617818646,5,3000,"8e907",5
NaN,5,3000,"8e907",6
NaN,5,3000,"8e907",7
5.31301770217003e-06,5,3000,"8e907",8
2.38323446585643e-05,5,3000,"8e907",1
NaN,5,3000,"8e907",2
NaN,5,3000,"8e907",3
NaN,5,3000,"8e907",4
6.23813643398472e-05,5,3000,"8e907",5
NaN,5,3000,"8e907",6
NaN,5,3000,"8e907",7
5.30522031596967e-06,5,3000,"8e907",8
NaN,5,3000,"8e907",1
2.20240876991721e-05,5,3000,"8e907",2
1.73876600729318e-05,5,3000,"8e907",3
4.39311023465756e-05,5,3000,"8e907",4
0.000144804283371411,5,3000,"8e907",5
NaN,5,3000,"8e907",6
NaN,5,3000,"8e907",7
NaN,5,3000,"8e907",8
6.94631485738145e-06,5,3000,"8e907",1
1.10255554268183e-05,5,3000,"8e907",2
1.57645468283216e-05,5,3000,"8e907",3
NaN,5,3000,"8e907",4
9.73721852704933e-05,5,3000,"8e907",5
NaN,5,3000,"8e907",6
NaN,5,3000,"8e907",7
NaN,5,3000,"8e907",8
NaN,5,3000,"8e907",1
2.51063193155673e-05,5,3000,"8e907",2
1.61509255276346e-06,5,3000,"8e907",3
1.06499106169577e-05,5,3000,"8e907",4
9.10160676340945e-05,5,3000,"8e907",5
NaN,5,3000,"8e907",6
NaN,5,3000,"8e907",7
1.97012334995476e-05,5,3000,"8e907",8
NaN,5,3000,"8e907",1
9.10243321255926e-06,5,3000,"8e907",2
1.50840523987296e-05,5,3000,"8e907",3
1.93810527209969e-05,5,3000,"8e907",4
7.23660528381854e-05,5,3000,"8e907",5
NaN,5,3000,"8e907",6
NaN,5,3000,"8e907",7
NaN,5,3000,"8e907",8
9.87978189608977e-06,5,3000,"8e907",1
7.69924994302907e-06,5,3000,"8e907",2
1.37043468574898e-05,5,3000,"8e907",3
4.69090865168265e-05,5,3000,"8e907",4
0.000120824236962001,5,3000,"8e907",5
NaN,5,3000,"8e907",6
NaN,5,3000,"8e907",7
5.53555291374864e-06,5,3000,"8e907",8
2.57715351603069e-05,5,3000,"8e907",1
3.30974412632939e-05,5,3000,"8e907",2
2.75115035028993e-05,5,3000,"8e907",3
3.53754836977133e-05,5,3000,"8e907",4
0.00016034741113005,5,3000,"8e907",5
NaN,5,3000,"8e907",6
NaN,5,3000,"8e907",7
NaN,5,3000,"8e907",8
4.28607881222417e-06,5,3000,"8e907",1
1.13022051050495e-05,5,3000,"8e907",2
2.10099224787978e-05,5,3000,"8e907",3
NaN,5,3000,"8e907",4
7.50251115849741e-05,5,3000,"8e907",5
NaN,5,3000,"8e907",6
NaN,5,3000,"8e907",7
NaN,5,3000,"8e907",8
1.11139718485412e-05,5,3000,"8e907",1
1.15290044091186e-05,5,3000,"8e907",2
1.14146451960307e-05,5,3000,"8e907",3
4.33114777452173e-06,5,3000,"8e907",4
8.38125228469119e-05,5,3000,"8e907",5
NaN,5,3000,"8e907",6
NaN,5,3000,"8e907",7
3.02670597672396e-06,5,3000,"8e907",8
2.48880561513949e-05,5,3500,"8e907",1
2.08466544910959e-05,5,3500,"8e907",2
2.31616279218341e-05,5,3500,"8e907",3
1.88782515834316e-05,5,3500,"8e907",4
0.00015911872097208,5,3500,"8e907",5
NaN,5,3500,"8e907",6
NaN,5,3500,"8e907",7
NaN,5,3500,"8e907",8
NaN,5,3500,"8e907",1
NaN,5,3500,"8e907",2
NaN,5,3500,"8e907",3
2.13032255186283e-05,5,3500,"8e907",4
0.00015826135881993,5,3500,"8e907",5
NaN,5,3500,"8e907",6
NaN,5,3500,"8e907",7
NaN,5,3500,"8e907",8
NaN,5,3500,"8e907",1
NaN,5,3500,"8e907",2
6.41955813286773e-06,5,3500,"8e907",3
2.8696314007978e-05,5,3500,"8e907",4
7.88792897092198e-05,5,3500,"8e907",5
NaN,5,3500,"8e907",6
NaN,5,3500,"8e907",7
NaN,5,3500,"8e907",8
NaN,5,3500,"8e907",1
2.19024670152979e-05,5,3500,"8e907",2
2.40779927050303e-05,5,3500,"8e907",3
5.105401946918e-05,5,3500,"8e907",4
0.000208786056590889,5,3500,"8e907",5
NaN,5,3500,"8e907",6
NaN,5,3500,"8e907",7
NaN,5,3500,"8e907",8
1.20893919643164e-05,5,3500,"8e907",1
1.7525348248987e-05,5,3500,"8e907",2
2.07579088182859e-05,5,3500,"8e907",3
3.75693923395419e-05,5,3500,"8e907",4
0.000193623588495669,5,3500,"8e907",5
NaN,5,3500,"8e907",6
NaN,5,3500,"8e907",7
NaN,5,3500,"8e907",8
NaN,5,3500,"8e907",1
3.85141258299169e-05,5,3500,"8e907",2
2.69574703386321e-05,5,3500,"8e907",3
2.81481335312168e-05,5,3500,"8e907",4
0.000223207968278087,5,3500,"8e907",5
NaN,5,3500,"8e907",6
NaN,5,3500,"8e907",7
1.23587566419978e-05,5,3500,"8e907",8
NaN,5,3500,"8e907",1
1.26816719267181e-05,5,3500,"8e907",2
1.12033455949805e-05,5,3500,"8e907",3
1.04523091827241e-05,5,3500,"8e907",4
0.000171102475001488,5,3500,"8e907",5
NaN,5,3500,"8e907",6
NaN,5,3500,"8e907",7
NaN,5,3500,"8e907",8
1.64068927230292e-05,5,3500,"8e907",1
2.81805534729139e-05,5,3500,"8e907",2
2.44262434671574e-05,5,3500,"8e907",3
3.06844068879829e-05,5,3500,"8e907",4
0.000140562439956774,5,3500,"8e907",5
NaN,5,3500,"8e907",6
NaN,5,3500,"8e907",7
1.04818314937794e-05,5,3500,"8e907",8
2.58011393023274e-05,5,3500,"8e907",1
2.35881480911263e-05,5,3500,"8e907",2
2.26440939471816e-05,5,3500,"8e907",3
2.71712651283596e-05,5,3500,"8e907",4
0.000123110727923635,5,3500,"8e907",5
NaN,5,3500,"8e907",6
NaN,5,3500,"8e907",7
5.77188955107316e-05,5,3500,"8e907",8
1.50251598942463e-05,5,3500,"8e907",1
1.70576189203462e-05,5,3500,"8e907",2
NaN,5,3500,"8e907",3
1.56876973134622e-05,5,3500,"8e907",4
0.000221352517813999,5,3500,"8e907",5
NaN,5,3500,"8e907",6
NaN,5,3500,"8e907",7
NaN,5,3500,"8e907",8
1.16293006332076e-05,5,3500,"8e907",1
1.11858099455519e-05,5,3500,"8e907",2
3.01708135424032e-06,5,3500,"8e907",3
1.91647677146001e-05,5,3500,"8e907",4
0.000181652433088796,5,3500,"8e907",5
NaN,5,3500,"8e907",6
NaN,5,3500,"8e907",7
NaN,5,3500,"8e907",8
NaN,5,3500,"8e907",1
NaN,5,3500,"8e907",2
NaN,5,3500,"8e907",3
2.44890212721182e-05,5,3500,"8e907",4
0.000135085807182002,5,3500,"8e907",5
NaN,5,3500,"8e907",6
NaN,5,3500,"8e907",7
1.81451084114807e-06,5,3500,"8e907",8
2.56341190606747e-05,5,3500,"8e907",1
1.72681856596503e-05,5,3500,"8e907",2
1.39390902702635e-05,5,3500,"8e907",3
1.87795539786499e-05,5,3500,"8e907",4
9.47925293521469e-05,5,3500,"8e907",5
NaN,5,3500,"8e907",6
NaN,5,3500,"8e907",7
NaN,5,3500,"8e907",8
1.15389168210248e-05,5,3500,"8e907",1
7.28978343293265e-06,5,3500,"8e907",2
1.51780766426708e-05,5,3500,"8e907",3
4.03872979411253e-05,5,3500,"8e907",4
0.000212635415273751,5,3500,"8e907",5
NaN,5,3500,"8e907",6
NaN,5,3500,"8e907",7
NaN,5,3500,"8e907",8
NaN,5,3500,"8e907",1
2.13456871427651e-05,5,3500,"8e907",2
2.35339347604985e-05,5,3500,"8e907",3
2.20724733871445e-05,5,3500,"8e907",4
0.000155980312090908,5,3500,"8e907",5
NaN,5,3500,"8e907",6
NaN,5,3500,"8e907",7
1.22575155533745e-05,5,3500,"8e907",8
1.97944928402077e-05,5,3500,"8e907",1
1.55473815612679e-05,5,3500,"8e907",2
1.867228955176e-05,5,3500,"8e907",3
4.7147292020231e-05,5,3500,"8e907",4
0.0002154170747742,5,3500,"8e907",5
NaN,5,3500,"8e907",6
NaN,5,3500,"8e907",7
NaN,5,3500,"8e907",8
2.09825410363377e-05,5,3500,"8e907",1
1.81814163041134e-05,5,3500,"8e907",2
1.00352640734352e-05,5,3500,"8e907",3
NaN,5,3500,"8e907",4
0.000101689480276138,5,3500,"8e907",5
NaN,5,3500,"8e907",6
NaN,5,3500,"8e907",7
6.48609852732423e-06,5,3500,"8e907",8
2.11747717074084e-05,5,3500,"8e907",1
2.42371180236932e-05,5,3500,"8e907",2
2.74857584520395e-05,5,3500,"8e907",3
4.38408857774992e-06,5,3500,"8e907",4
0.000130828106634928,5,3500,"8e907",5
NaN,5,3500,"8e907",6
NaN,5,3500,"8e907",7
NaN,5,3500,"8e907",8
6.04199975427594e-06,5,3500,"8e907",1
1.49529253765577e-05,5,3500,"8e907",2
9.53071437511679e-06,5,3500,"8e907",3
1.21424434774154e-05,5,3500,"8e907",4
0.000137809663770729,5,3500,"8e907",5
NaN,5,3500,"8e907",6
NaN,5,3500,"8e907",7
NaN,5,3500,"8e907",8
2.88521074249794e-05,5,3500,"8e907",1
3.19998856075447e-05,5,3500,"8e907",2
3.17998316613466e-05,5,3500,"8e907",3
4.38365828108254e-05,5,3500,"8e907",4
0.000190988452933272,5,3500,"8e907",5
NaN,5,3500,"8e907",6
NaN,5,3500,"8e907",7
1.88893183469869e-05,5,3500,"8e907",8
1.23350466244228e-05,5,4000,"8e907",1
8.8699417513833e-06,5,4000,"8e907",2
1.04399991411306e-05,5,4000,"8e907",3
2.35103546565382e-05,5,4000,"8e907",4
0.000214573319956618,5,4000,"8e907",5
NaN,5,4000,"8e907",6
NaN,5,4000,"8e907",7
NaN,5,4000,"8e907",8
NaN,5,4000,"8e907",1
NaN,5,4000,"8e907",2
NaN,5,4000,"8e907",3
1.98019022405253e-05,5,4000,"8e907",4
0.000177935414563503,5,4000,"8e907",5
NaN,5,4000,"8e907",6
NaN,5,4000,"8e907",7
NaN,5,4000,"8e907",8
NaN,5,4000,"8e907",1
NaN,5,4000,"8e907",2
1.80523670834981e-05,5,4000,"8e907",3
5.9500839005666e-05,5,4000,"8e907",4
0.000209919542762056,5,4000,"8e907",5
NaN,5,4000,"8e907",6
NaN,5,4000,"8e907",7
NaN,5,4000,"8e907",8
NaN,5,4000,"8e907",1
1.70265478150228e-05,5,4000,"8e907",2
1.60632726621947e-06,5,4000,"8e907",3
2.22518138075391e-05,5,4000,"8e907",4
0.000285338072723721,5,4000,"8e907",5
NaN,5,4000,"8e907",6
NaN,5,4000,"8e907",7
NaN,5,4000,"8e907",8
3.58513695424971e-05,5,4000,"8e907",1
3.66553057002997e-05,5,4000,"8e907",2
5.55972464077648e-05,5,4000,"8e907",3
0.000103238577283578,5,4000,"8e907",4
0.000279314915486703,5,4000,"8e907",5
NaN,5,4000,"8e907",6
NaN,5,4000,"8e907",7
NaN,5,4000,"8e907",8
NaN,5,4000,"8e907",1
2.22724038465698e-05,5,4000,"8e907",2
2.54450590876473e-05,5,4000,"8e907",3
6.18162593442664e-05,5,4000,"8e907",4
0.000285941760302088,5,4000,"8e907",5
NaN,5,4000,"8e907",6
NaN,5,4000,"8e907",7
1.1151614458308e-05,5,4000,"8e907",8
NaN,5,4000,"8e907",1
9.72088715039924e-06,5,4000,"8e907",2
1.48810287261844e-05,5,4000,"8e907",3
3.43274312436976e-05,5,4000,"8e907",4
0.00018936651007264,5,4000,"8e907",5
NaN,5,4000,"8e907",6
NaN,5,4000,"8e907",7
1.7686563044911e-06,5,4000,"8e907",8
2.09123650820555e-05,5,4000,"8e907",1
3.13407857953057e-05,5,4000,"8e907",2
2.61014716351334e-05,5,4000,"8e907",3
3.88755182229773e-05,5,4000,"8e907",4
0.000221230029149159,5,4000,"8e907",5
NaN,5,4000,"8e907",6
NaN,5,4000,"8e907",7
3.27319135095396e-05,5,4000,"8e907",8
5.92963217368401e-05,5,4000,"8e907",1
5.25835635685988e-05,5,4000,"8e907",2
4.4681044460783e-05,5,4000,"8e907",3
7.61382288206318e-05,5,4000,"8e907",4
0.000298944318450563,5,4000,"8e907",5
NaN,5,4000,"8e907",6
NaN,5,4000,"8e907",7
3.6365203458941e-05,5,4000,"8e907",8
2.82010852845545e-05,5,4000,"8e907",1
2.15725625933664e-05,5,4000,"8e907",2
4.00922053092168e-05,5,4000,"8e907",3
7.81367181449862e-05,5,4000,"8e907",4
0.000252719383343559,5,4000,"8e907",5
NaN,5,4000,"8e907",6
NaN,5,4000,"8e907",7
NaN,5,4000,"8e907",8
1.38996548309998e-05,5,4000,"8e907",1
NaN,5,4000,"8e907",2
1.58179970784546e-05,5,4000,"8e907",3
5.5799491168863e-05,5,4000,"8e907",4
0.00024677567365106,5,4000,"8e907",5
NaN,5,4000,"8e907",6
NaN,5,4000,"8e907",7
NaN,5,4000,"8e907",8
3.09848936938824e-05,5,4000,"8e907",1
3.15268745157925e-05,5,4000,"8e907",2
4.57290026873921e-05,5,4000,"8e907",3
6.41093506664701e-05,5,4000,"8e907",4
0.000288570362411353,5,4000,"8e907",5
NaN,5,4000,"8e907",6
NaN,5,4000,"8e907",7
4.71713605205887e-06,5,4000,"8e907",8
NaN,5,4000,"8e907",1
2.66402160219882e-05,5,4000,"8e907",2
2.42870775482671e-05,5,4000,"8e907",3
3.11391500553611e-05,5,4000,"8e907",4
0.000146772248618758,5,4000,"8e907",5
NaN,5,4000,"8e907",6
NaN,5,4000,"8e907",7
7.87932078919831e-06,5,4000,"8e907",8
5.10640456950871e-05,5,4000,"8e907",1
3.62346959784482e-05,5,4000,"8e907",2
2.25063878978845e-05,5,4000,"8e907",3
6.60812421643068e-05,5,4000,"8e907",4
0.00030178519630131,5,4000,"8e907",5
NaN,5,4000,"8e907",6
NaN,5,4000,"8e907",7
NaN,5,4000,"8e907",8
2.60084857045671e-06,5,4000,"8e907",1
2.54770137998939e-05,5,4000,"8e907",2
1.08402008611202e-05,5,4000,"8e907",3
6.12020519533534e-05,5,4000,"8e907",4
0.000275420492071474,5,4000,"8e907",5
NaN,5,4000,"8e907",6
NaN,5,4000,"8e907",7
3.11519078952097e-06,5,4000,"8e907",8
7.57528241173206e-06,5,4000,"8e907",1
1.57908074302536e-05,5,4000,"8e907",2
3.58324545262971e-05,5,4000,"8e907",3
7.04085653243739e-05,5,4000,"8e907",4
0.000279528255898387,5,4000,"8e907",5
NaN,5,4000,"8e907",6
NaN,5,4000,"8e907",7
7.21825851397553e-06,5,4000,"8e907",8
1.73593424431888e-05,5,4000,"8e907",1
2.51020239470012e-05,5,4000,"8e907",2
1.57361460741193e-05,5,4000,"8e907",3
2.88282456116291e-05,5,4000,"8e907",4
0.000121574381359487,5,4000,"8e907",5
NaN,5,4000,"8e907",6
NaN,5,4000,"8e907",7
1.79631252736198e-05,5,4000,"8e907",8
6.61211760489681e-06,5,4000,"8e907",1
5.01802288155903e-06,5,4000,"8e907",2
1.23553505646348e-05,5,4000,"8e907",3
4.61408531567281e-05,5,4000,"8e907",4
0.000235884361394798,5,4000,"8e907",5
NaN,5,4000,"8e907",6
NaN,5,4000,"8e907",7
NaN,5,4000,"8e907",8
1.66545872467982e-05,5,4000,"8e907",1
2.707539396667e-05,5,4000,"8e907",2
3.41949339378482e-05,5,4000,"8e907",3
3.41623808237819e-05,5,4000,"8e907",4
0.000190644767036671,5,4000,"8e907",5
NaN,5,4000,"8e907",6
NaN,5,4000,"8e907",7
5.48565077673911e-06,5,4000,"8e907",8
NaN,5,4000,"8e907",1
3.38516912938293e-05,5,4000,"8e907",2
2.61345218328253e-05,5,4000,"8e907",3
3.35267783137096e-05,5,4000,"8e907",4
0.000279038273686089,5,4000,"8e907",5
NaN,5,4000,"8e907",6
NaN,5,4000,"8e907",7
1.13495800723304e-05,5,4000,"8e907",8
1.68180740962357e-05,5,4500,"8e907",1
1.29682431867359e-05,5,4500,"8e907",2
2.25452569255682e-05,5,4500,"8e907",3
4.41194603726152e-05,5,4500,"8e907",4
0.00029827417411676,5,4500,"8e907",5
NaN,5,4500,"8e907",6
NaN,5,4500,"8e907",7
NaN,5,4500,"8e907",8
NaN,5,4500,"8e907",1
NaN,5,4500,"8e907",2
NaN,5,4500,"8e907",3
4.57133814385148e-05,5,4500,"8e907",4
0.000256011844415051,5,4500,"8e907",5
NaN,5,4500,"8e907",6
NaN,5,4500,"8e907",7
NaN,5,4500,"8e907",8
NaN,5,4500,"8e907",1
NaN,5,4500,"8e907",2
3.12062802381625e-05,5,4500,"8e907",3
8.10966429498518e-05,5,4500,"8e907",4
0.000287889808089608,5,4500,"8e907",5
NaN,5,4500,"8e907",6
NaN,5,4500,"8e907",7
5.40361451930203e-06,5,4500,"8e907",8
NaN,5,4500,"8e907",1
1.65200609166011e-05,5,4500,"8e907",2
1.34703899610271e-05,5,4500,"8e907",3
2.39836773723385e-05,5,4500,"8e907",4
0.000206426737090819,5,4500,"8e907",5
NaN,5,4500,"8e907",6
NaN,5,4500,"8e907",7
NaN,5,4500,"8e907",8
NaN,5,4500,"8e907",1
8.68003316158203e-06,5,4500,"8e907",2
1.17151396461824e-05,5,4500,"8e907",3
3.57599911535615e-05,5,4500,"8e907",4
0.000247876031043453,5,4500,"8e907",5
NaN,5,4500,"8e907",6
NaN,5,4500,"8e907",7
1.0001007107927e-06,5,4500,"8e907",8
NaN,5,4500,"8e907",1
2.21847727204392e-05,5,4500,"8e907",2
4.08777618853332e-05,5,4500,"8e907",3
6.6577688679403e-05,5,4500,"8e907",4
0.000285779886745977,5,4500,"8e907",5
NaN,5,4500,"8e907",6
NaN,5,4500,"8e907",7
2.2721851309666e-06,5,4500,"8e907",8
NaN,5,4500,"8e907",1
5.20354308115889e-06,5,4500,"8e907",2
1.02563298060542e-05,5,4500,"8e907",3
3.58035894153554e-05,5,4500,"8e907",4
0.00024719445024147,5,4500,"8e907",5
NaN,5,4500,"8e907",6
NaN,5,4500,"8e907",7
NaN,5,4500,"8e907",8
2.52792973973046e-05,5,4500,"8e907",1
2.11029316299841e-05,5,4500,"8e907",2
2.83886248836891e-05,5,4500,"8e907",3
3.96368415423415e-05,5,4500,"8e907",4
0.000307577360088663,5,4500,"8e907",5
NaN,5,4500,"8e907",6
NaN,5,4500,"8e907",7
1.54972125628768e-05,5,4500,"8e907",8
3.90938651248139e-05,5,4500,"8e907",1
3.8607660842547e-05,5,4500,"8e907",2
5.0490795629053e-05,5,4500,"8e907",3
8.73225647302829e-05,5,4500,"8e907",4
0.000351772070734829,5,4500,"8e907",5
NaN,5,4500,"8e907",6
NaN,5,4500,"8e907",7
4.10713691454379e-05,5,4500,"8e907",8
2.93110087349628e-05,5,4500,"8e907",1
2.07522637558975e-05,5,4500,"8e907",2
5.70367284078186e-05,5,4500,"8e907",3
6.32965229556928e-05,5,4500,"8e907",4
0.000312340780477663,5,4500,"8e907",5
NaN,5,4500,"8e907",6
NaN,5,4500,"8e907",7
8.35825302448092e-06,5,4500,"8e907",8
2.32402402150293e-05,5,4500,"8e907",1
2.05984249156221e-05,5,4500,"8e907",2
2.88742233339171e-05,5,4500,"8e907",3
4.86869154696677e-05,5,4500,"8e907",4
0.000274027777848285,5,4500,"8e907",5
NaN,5,4500,"8e907",6
NaN,5,4500,"8e907",7
NaN,5,4500,"8e907",8
1.0866015050162e-05,5,4500,"8e907",1
1.75662198318072e-05,5,4500,"8e907",2
2.21549443651203e-05,5,4500,"8e907",3
6.4724041674423e-05,5,4500,"8e907",4
0.000267816655662836,5,4500,"8e907",5
NaN,5,4500,"8e907",6
NaN,5,4500,"8e907",7
NaN,5,4500,"8e907",8
1.09577866667574e-05,5,4500,"8e907",1
1.13745200185059e-05,5,4500,"8e907",2
1.02587178917552e-05,5,4500,"8e907",3
3.58408645741534e-05,5,4500,"8e907",4
0.000185676355596851,5,4500,"8e907",5
NaN,5,4500,"8e907",6
NaN,5,4500,"8e907",7
NaN,5,4500,"8e907",8
3.60037635309892e-05,5,4500,"8e907",1
1.80237302816503e-05,5,4500,"8e907",2
4.10149152078564e-05,5,4500,"8e907",3
7.52464567376786e-05,5,4500,"8e907",4
0.000336533098428149,5,4500,"8e907",5
NaN,5,4500,"8e907",6
NaN,5,4500,"8e907",7
NaN,5,4500,"8e907",8
6.16958419102443e-05,5,4500,"8e907",1
6.11667994757131e-05,5,4500,"8e907",2
4.40907294320299e-05,5,4500,"8e907",3
9.88092730153449e-05,5,4500,"8e907",4
0.000378625485299161,5,4500,"8e907",5
NaN,5,4500,"8e907",6
NaN,5,4500,"8e907",7
2.13338137942504e-05,5,4500,"8e907",8
NaN,5,4500,"8e907",1
NaN,5,4500,"8e907",2
3.41229157761262e-05,5,4500,"8e907",3
5.85107828736998e-05,5,4500,"8e907",4
0.000282607633698241,5,4500,"8e907",5
NaN,5,4500,"8e907",6
NaN,5,4500,"8e907",7
NaN,5,4500,"8e907",8
2.4084045333111e-05,5,4500,"8e907",1
1.25061449819119e-05,5,4500,"8e907",2
2.88786338204613e-05,5,4500,"8e907",3
6.99089808004932e-05,5,4500,"8e907",4
0.00034478283838392,5,4500,"8e907",5
NaN,5,4500,"8e907",6
NaN,5,4500,"8e907",7
1.87233243313534e-05,5,4500,"8e907",8
7.44370258413507e-06,5,4500,"8e907",1
2.96989211103315e-06,5,4500,"8e907",2
NaN,5,4500,"8e907",3
2.81444331008517e-05,5,4500,"8e907",4
0.000195998196557111,5,4500,"8e907",5
NaN,5,4500,"8e907",6
NaN,5,4500,"8e907",7
NaN,5,4500,"8e907",8
3.60132323048658e-05,5,4500,"8e907",1
2.78688981594552e-05,5,4500,"8e907",2
3.47240172805608e-05,5,4500,"8e907",3
6.22968644056182e-05,5,4500,"8e907",4
0.00033806721674953,5,4500,"8e907",5
NaN,5,4500,"8e907",6
NaN,5,4500,"8e907",7
6.55451204622906e-06,5,4500,"8e907",8
8.91344859423772e-05,5,4500,"8e907",1
9.8103597595237e-05,5,4500,"8e907",2
0.000107269627647226,5,4500,"8e907",3
8.99439295325733e-05,5,4500,"8e907",4
0.000351897426475663,5,4500,"8e907",5
NaN,5,4500,"8e907",6
NaN,5,4500,"8e907",7
7.91407339348536e-05,5,4500,"8e907",8
NaN,6,3000,"8e907",1
1.64728232720815e-05,6,3000,"8e907",2
6.99995771802244e-06,6,3000,"8e907",3
1.56145477043068e-05,6,3000,"8e907",4
0.000160264760923131,6,3000,"8e907",5
NaN,6,3000,"8e907",6
NaN,6,3000,"8e907",7
NaN,6,3000,"8e907",8
NaN,6,3000,"8e907",1
NaN,6,3000,"8e907",2
NaN,6,3000,"8e907",3
3.29123284305596e-05,6,3000,"8e907",4
0.000150750935315932,6,3000,"8e907",5
NaN,6,3000,"8e907",6
NaN,6,3000,"8e907",7
NaN,6,3000,"8e907",8
NaN,6,3000,"8e907",1
NaN,6,3000,"8e907",2
NaN,6,3000,"8e907",3
6.27534635581402e-06,6,3000,"8e907",4
0.000136522546351838,6,3000,"8e907",5
NaN,6,3000,"8e907",6
NaN,6,3000,"8e907",7
1.35719357837904e-05,6,3000,"8e907",8
NaN,6,3000,"8e907",1
NaN,6,3000,"8e907",2
2.70018966735156e-05,6,3000,"8e907",3
3.68825667770002e-05,6,3000,"8e907",4
0.000117290492511214,6,3000,"8e907",5
NaN,6,3000,"8e907",6
NaN,6,3000,"8e907",7
1.00320943527773e-05,6,3000,"8e907",8
2.9593197047733e-06,6,3000,"8e907",1
4.12276793586954e-06,6,3000,"8e907",2
5.05261146526094e-06,6,3000,"8e907",3
5.34335610662879e-06,6,3000,"8e907",4
8.98599824821575e-05,6,3000,"8e907",5
NaN,6,3000,"8e907",6
NaN,6,3000,"8e907",7
5.91981685313207e-06,6,3000,"8e907",8
NaN,6,3000,"8e907",1
1.20754413219084e-05,6,3000,"8e907",2
5.93559563693151e-06,6,3000,"8e907",3
2.3436471825377e-05,6,3000,"8e907",4
0.000164379976985999,6,3000,"8e907",5
NaN,6,3000,"8e907",6
NaN,6,3000,"8e907",7
7.90073074275116e-06,6,3000,"8e907",8
NaN,6,3000,"8e907",1
2.06823068875787e-05,6,3000,"8e907",2
1.87861019606551e-05,6,3000,"8e907",3
2.78392557524968e-05,6,3000,"8e907",4
9.65326512145844e-05,6,3000,"8e907",5
NaN,6,3000,"8e907",6
NaN,6,3000,"8e907",7
NaN,6,3000,"8e907",8
NaN,6,3000,"8e907",1
NaN,6,3000,"8e907",2
1.70554752917504e-05,6,3000,"8e907",3
1.90313988892245e-05,6,3000,"8e907",4
0.000104936477554593,6,3000,"8e907",5
NaN,6,3000,"8e907",6
NaN,6,3000,"8e907",7
NaN,6,3000,"8e907",8
2.85364695884693e-05,6,3000,"8e907",1
8.28654122522669e-06,6,3000,"8e907",2
1.8957765435631e-05,6,3000,"8e907",3
2.49562079664903e-05,6,3000,"8e907",4
9.46123058981303e-05,6,3000,"8e907",5
NaN,6,3000,"8e907",6
NaN,6,3000,"8e907",7
1.17076029658112e-05,6,3000,"8e907",8
8.93786177029897e-06,6,3000,"8e907",1
2.20000748566736e-05,6,3000,"8e907",2
2.04205496461129e-05,6,3000,"8e907",3
2.96774648551382e-05,6,3000,"8e907",4
0.000109824303783952,6,3000,"8e907",5
NaN,6,3000,"8e907",6
NaN,6,3000,"8e907",7
4.46158924250121e-06,6,3000,"8e907",8
4.10525385568209e-06,6,3000,"8e907",1
4.3523164652973e-06,6,3000,"8e907",2
8.80752053895696e-06,6,3000,"8e907",3
1.85616352689221e-05,6,3000,"8e907",4
0.000100163619975406,6,3000,"8e907",5
NaN,6,3000,"8e907",6
NaN,6,3000,"8e907",7
2.72402662309311e-06,6,3000,"8e907",8
2.91588881348233e-05,6,3000,"8e907",1
3.10434706875961e-05,6,3000,"8e907",2
3.63391910742382e-05,6,3000,"8e907",3
NaN,6,3000,"8e907",4
4.81313374169654e-05,6,3000,"8e907",5
NaN,6,3000,"8e907",6
NaN,6,3000,"8e907",7
9.74318792947916e-06,6,3000,"8e907",8
2.95526138412474e-05,6,3000,"8e907",1
2.09860042512144e-05,6,3000,"8e907",2
3.23981773494227e-05,6,3000,"8e907",3
3.37438717412213e-05,6,3000,"8e907",4
8.9363958423482e-05,6,3000,"8e907",5
NaN,6,3000,"8e907",6
NaN,6,3000,"8e907",7
4.23770079587224e-05,6,3000,"8e907",8
NaN,6,3000,"8e907",1
NaN,6,3000,"8e907",2
3.76564431960921e-06,6,3000,"8e907",3
NaN,6,3000,"8e907",4
0.000152416800041802,6,3000,"8e907",5
NaN,6,3000,"8e907",6
NaN,6,3000,"8e907",7
NaN,6,3000,"8e907",8
NaN,6,3000,"8e907",1
1.55669205331581e-05,6,3000,"8e907",2
1.98908706402434e-05,6,3000,"8e907",3
2.41608207832709e-05,6,3000,"8e907",4
0.000114232609515142,6,3000,"8e907",5
NaN,6,3000,"8e907",6
NaN,6,3000,"8e907",7
NaN,6,3000,"8e907",8
NaN,6,3000,"8e907",1
2.08557436816283e-05,6,3000,"8e907",2
1.38817057813219e-05,6,3000,"8e907",3
1.81055594968324e-05,6,3000,"8e907",4
0.000108318857612316,6,3000,"8e907",5
NaN,6,3000,"8e907",6
NaN,6,3000,"8e907",7
4.32238145106603e-06,6,3000,"8e907",8
2.8467290184968e-05,6,3000,"8e907",1
2.12481306760685e-05,6,3000,"8e907",2
2.11793318117838e-05,6,3000,"8e907",3
1.64383082119706e-05,6,3000,"8e907",4
7.95938548731549e-05,6,3000,"8e907",5
NaN,6,3000,"8e907",6
NaN,6,3000,"8e907",7
2.22165098317292e-05,6,3000,"8e907",8
3.21233640882755e-05,6,3000,"8e907",1
2.80534839922937e-05,6,3000,"8e907",2
2.02891784140561e-05,6,3000,"8e907",3
2.44124154146962e-05,6,3000,"8e907",4
0.000104654631744674,6,3000,"8e907",5
NaN,6,3000,"8e907",6
NaN,6,3000,"8e907",7
2.07833056939815e-05,6,3000,"8e907",8
2.20487451218803e-05,6,3000,"8e907",1
1.78250316660451e-05,6,3000,"8e907",2
1.53265196452305e-05,6,3000,"8e907",3
3.30749164538062e-05,6,3000,"8e907",4
8.05396488163816e-05,6,3000,"8e907",5
NaN,6,3000,"8e907",6
NaN,6,3000,"8e907",7
9.58076797945914e-06,6,3000,"8e907",8
1.83332680337039e-05,6,3000,"8e907",1
1.68640067494806e-05,6,3000,"8e907",2
1.60017892714553e-05,6,3000,"8e907",3
1.28894618183528e-05,6,3000,"8e907",4
9.74939056739682e-05,6,3000,"8e907",5
NaN,6,3000,"8e907",6
NaN,6,3000,"8e907",7
2.09079044201188e-05,6,3000,"8e907",8
5.96105637882306e-06,6,3500,"8e907",1
1.49316045156105e-05,6,3500,"8e907",2
1.45072061171396e-05,6,3500,"8e907",3
2.54948412645863e-05,6,3500,"8e907",4
0.000140358511848551,6,3500,"8e907",5
NaN,6,3500,"8e907",6
NaN,6,3500,"8e907",7
1.11333111678448e-05,6,3500,"8e907",8
NaN,6,3500,"8e907",1
NaN,6,3500,"8e907",2
NaN,6,3500,"8e907",3
2.23877891448107e-05,6,3500,"8e907",4
0.000217121679538545,6,3500,"8e907",5
NaN,6,3500,"8e907",6
NaN,6,3500,"8e907",7
NaN,6,3500,"8e907",8
NaN,6,3500,"8e907",1
NaN,6,3500,"8e907",2
1.90752553604384e-05,6,3500,"8e907",3
3.9531573445719e-05,6,3500,"8e907",4
0.000200788380477089,6,3500,"8e907",5
NaN,6,3500,"8e907",6
NaN,6,3500,"8e907",7
1.25770106250666e-05,6,3500,"8e907",8
NaN,6,3500,"8e907",1
2.1343946797941e-05,6,3500,"8e907",2
2.12257167299558e-05,6,3500,"8e907",3
4.54791816137215e-05,6,3500,"8e907",4
0.000201200413107823,6,3500,"8e907",5
NaN,6,3500,"8e907",6
NaN,6,3500,"8e907",7
NaN,6,3500,"8e907",8
NaN,6,3500,"8e907",1
NaN,6,3500,"8e907",2
NaN,6,3500,"8e907",3
3.89808487431343e-05,6,3500,"8e907",4
0.000152779330894057,6,3500,"8e907",5
NaN,6,3500,"8e907",6
NaN,6,3500,"8e907",7
8.20513586873154e-06,6,3500,"8e907",8
NaN,6,3500,"8e907",1
7.22895945851589e-06,6,3500,"8e907",2
1.5284850437289e-05,6,3500,"8e907",3
4.1201658266274e-05,6,3500,"8e907",4
0.000195407193225738,6,3500,"8e907",5
NaN,6,3500,"8e907",6
NaN,6,3500,"8e907",7
4.21227411180606e-06,6,3500,"8e907",8
NaN,6,3500,"8e907",1
NaN,6,3500,"8e907",2
1.78658272770002e-06,6,3500,"8e907",3
1.29510477044083e-05,6,3500,"8e907",4
0.000117005377618076,6,3500,"8e907",5
NaN,6,3500,"8e907",6
NaN,6,3500,"8e907",7
NaN,6,3500,"8e907",8
NaN,6,3500,"8e907",1
NaN,6,3500,"8e907",2
NaN,6,3500,"8e907",3
6.72455557789738e-05,6,3500,"8e907",4
0.000163018655351861,6,3500,"8e907",5
NaN,6,3500,"8e907",6
NaN,6,3500,"8e907",7
1.37659791973781e-05,6,3500,"8e907",8
2.27991187154662e-05,6,3500,"8e907",1
2.5912082071191e-05,6,3500,"8e907",2
2.8155460187707e-05,6,3500,"8e907",3
1.35869412929113e-05,6,3500,"8e907",4
0.000116586884709686,6,3500,"8e907",5
NaN,6,3500,"8e907",6
NaN,6,3500,"8e907",7
2.19713346110245e-05,6,3500,"8e907",8
7.26964270645961e-06,6,3500,"8e907",1
NaN,6,3500,"8e907",2
3.17492759279002e-05,6,3500,"8e907",3
4.08922753667211e-05,6,3500,"8e907",4
0.000255627448347342,6,3500,"8e907",5
NaN,6,3500,"8e907",6
NaN,6,3500,"8e907",7
NaN,6,3500,"8e907",8
3.92819046682269e-05,6,3500,"8e907",1
3.54284720078908e-05,6,3500,"8e907",2
NaN,6,3500,"8e907",3
4.31954976084917e-05,6,3500,"8e907",4
0.000194769107193061,6,3500,"8e907",5
NaN,6,3500,"8e907",6
NaN,6,3500,"8e907",7
NaN,6,3500,"8e907",8
2.09630700339687e-05,6,3500,"8e907",1
2.38927391721245e-05,6,3500,"8e907",2
2.24864141319359e-05,6,3500,"8e907",3
3.52664856564322e-05,6,3500,"8e907",4
0.000105233265569104,6,3500,"8e907",5
NaN,6,3500,"8e907",6
NaN,6,3500,"8e907",7
6.91370382595073e-05,6,3500,"8e907",8
3.09530770797763e-05,6,3500,"8e907",1
2.3549866401688e-05,6,3500,"8e907",2
2.44090586890334e-05,6,3500,"8e907",3
2.71256438881114e-05,6,3500,"8e907",4
0.000163446631272788,6,3500,"8e907",5
NaN,6,3500,"8e907",6
NaN,6,3500,"8e907",7
4.13385277084713e-05,6,3500,"8e907",8
NaN,6,3500,"8e907",1
6.49062275951833e-06,6,3500,"8e907",2
2.07835482926978e-06,6,3500,"8e907",3
4.25408520409187e-05,6,3500,"8e907",4
0.000183410692261043,6,3500,"8e907",5
NaN,6,3500,"8e907",6
NaN,6,3500,"8e907",7
5.826367728194e-06,6,3500,"8e907",8
NaN,6,3500,"8e907",1
NaN,6,3500,"8e907",2
1.85461888651833e-05,6,3500,"8e907",3
4.62399932820726e-05,6,3500,"8e907",4
0.000236928377565724,6,3500,"8e907",5
NaN,6,3500,"8e907",6
NaN,6,3500,"8e907",7
NaN,6,3500,"8e907",8
1.26238297109214e-05,6,3500,"8e907",1
NaN,6,3500,"8e907",2
2.75254955443507e-05,6,3500,"8e907",3
3.08686582678953e-05,6,3500,"8e907",4
0.000103567157125824,6,3500,"8e907",5
NaN,6,3500,"8e907",6
NaN,6,3500,"8e907",7
3.51102591442545e-05,6,3500,"8e907",8
4.6787863021164e-05,6,3500,"8e907",1
2.43899857584353e-05,6,3500,"8e907",2
2.91166524446134e-05,6,3500,"8e907",3
3.598816025157e-05,6,3500,"8e907",4
0.000151221232040071,6,3500,"8e907",5
NaN,6,3500,"8e907",6
NaN,6,3500,"8e907",7
3.83415782991028e-05,6,3500,"8e907",8
1.56456012688063e-05,6,3500,"8e907",1
1.94003070371238e-05,6,3500,"8e907",2
1.62523194360752e-05,6,3500,"8e907",3
5.29606344097268e-05,6,3500,"8e907",4
0.000218141130545474,6,3500,"8e907",5
NaN,6,3500,"8e907",6
NaN,6,3500,"8e907",7
1.9078802424693e-05,6,3500,"8e907",8
2.15319389781537e-05,6,3500,"8e907",1
2.03605193514406e-05,6,3500,"8e907",2
2.94894158264066e-05,6,3500,"8e907",3
4.69054265401729e-05,6,3500,"8e907",4
0.000272901374225291,6,3500,"8e907",5
NaN,6,3500,"8e907",6
NaN,6,3500,"8e907",7
1.90151952839921e-05,6,3500,"8e907",8
1.53355789636068e-05,6,3500,"8e907",1
NaN,6,3500,"8e907",2
NaN,6,3500,"8e907",3
5.84690964511073e-05,6,3500,"8e907",4
0.000214734076876044,6,3500,"8e907",5
NaN,6,3500,"8e907",6
NaN,6,3500,"8e907",7
1.13032644299445e-05,6,3500,"8e907",8
3.70632880648985e-06,6,4000,"8e907",1
NaN,6,4000,"8e907",2
2.91236235027496e-06,6,4000,"8e907",3
3.46471800549221e-05,6,4000,"8e907",4
0.000206048165513458,6,4000,"8e907",5
NaN,6,4000,"8e907",6
NaN,6,4000,"8e907",7
1.09617404916745e-05,6,4000,"8e907",8
NaN,6,4000,"8e907",1
NaN,6,4000,"8e907",2
NaN,6,4000,"8e907",3
4.86619090335865e-05,6,4000,"8e907",4
0.000286039961385197,6,4000,"8e907",5
NaN,6,4000,"8e907",6
NaN,6,4000,"8e907",7
NaN,6,4000,"8e907",8
NaN,6,4000,"8e907",1
NaN,6,4000,"8e907",2
2.28201339969966e-05,6,4000,"8e907",3
5.43631693771606e-05,6,4000,"8e907",4
0.000211817025079259,6,4000,"8e907",5
NaN,6,4000,"8e907",6
NaN,6,4000,"8e907",7
1.0842888660058e-05,6,4000,"8e907",8
NaN,6,4000,"8e907",1
1.74102394147254e-05,6,4000,"8e907",2
2.77152309166927e-05,6,4000,"8e907",3
4.86938693381377e-05,6,4000,"8e907",4
0.000303838530028243,6,4000,"8e907",5
NaN,6,4000,"8e907",6
NaN,6,4000,"8e907",7
5.30953285751774e-06,6,4000,"8e907",8
1.97029416420783e-05,6,4000,"8e907",1
2.42305241340052e-05,6,4000,"8e907",2
2.29497749892991e-05,6,4000,"8e907",3
3.78547313747384e-05,6,4000,"8e907",4
0.000296628135505373,6,4000,"8e907",5
NaN,6,4000,"8e907",6
NaN,6,4000,"8e907",7
4.80545393932774e-06,6,4000,"8e907",8
NaN,6,4000,"8e907",1
NaN,6,4000,"8e907",2
2.85287741934237e-06,6,4000,"8e907",3
4.44631041710954e-05,6,4000,"8e907",4
0.000204502708918167,6,4000,"8e907",5
NaN,6,4000,"8e907",6
NaN,6,4000,"8e907",7
NaN,6,4000,"8e907",8
NaN,6,4000,"8e907",1
4.0560412780565e-05,6,4000,"8e907",2
4.22197700957781e-05,6,4000,"8e907",3
4.41602360374791e-05,6,4000,"8e907",4
0.000164879315362865,6,4000,"8e907",5
NaN,6,4000,"8e907",6
NaN,6,4000,"8e907",7
NaN,6,4000,"8e907",8
NaN,6,4000,"8e907",1
1.46622959139974e-05,6,4000,"8e907",2
1.04176489238049e-05,6,4000,"8e907",3
4.0159440644802e-05,6,4000,"8e907",4
0.000318054420459691,6,4000,"8e907",5
NaN,6,4000,"8e907",6
NaN,6,4000,"8e907",7
NaN,6,4000,"8e907",8
1.53814060134702e-05,6,4000,"8e907",1
1.36393444415688e-05,6,4000,"8e907",2
1.716626229811e-05,6,4000,"8e907",3
2.18723415599142e-05,6,4000,"8e907",4
0.000206584959997612,6,4000,"8e907",5
NaN,6,4000,"8e907",6
NaN,6,4000,"8e907",7
5.30299029210645e-06,6,4000,"8e907",8
NaN,6,4000,"8e907",1
2.70607322635734e-05,6,4000,"8e907",2
2.64629321735199e-05,6,4000,"8e907",3
5.46757434529255e-05,6,4000,"8e907",4
0.000216203627229733,6,4000,"8e907",5
NaN,6,4000,"8e907",6
NaN,6,4000,"8e907",7
NaN,6,4000,"8e907",8
9.48156623309212e-06,6,4000,"8e907",1
6.70175721113456e-06,6,4000,"8e907",2
1.48134367692915e-05,6,4000,"8e907",3
4.68991299593453e-05,6,4000,"8e907",4
0.000242106471499143,6,4000,"8e907",5
NaN,6,4000,"8e907",6
NaN,6,4000,"8e907",7
NaN,6,4000,"8e907",8
0.000109829508593384,6,4000,"8e907",1
0.000124865054174141,6,4000,"8e907",2
0.000109501955384895,6,4000,"8e907",3
1.2220968692157e-05,6,4000,"8e907",4
0.00021579157248238,6,4000,"8e907",5
NaN,6,4000,"8e907",6
NaN,6,4000,"8e907",7
7.56615952200936e-05,6,4000,"8e907",8
3.72532921310095e-05,6,4000,"8e907",1
3.51867087418151e-05,6,4000,"8e907",2
4.34845495299791e-05,6,4000,"8e907",3
6.44842494267918e-05,6,4000,"8e907",4
0.00019963106796016,6,4000,"8e907",5
NaN,6,4000,"8e907",6
NaN,6,4000,"8e907",7
9.9663497594872e-06,6,4000,"8e907",8
3.06751509218692e-06,6,4000,"8e907",1
4.48780197867698e-06,6,4000,"8e907",2
2.48668599293423e-05,6,4000,"8e907",3
7.30739513673966e-05,6,4000,"8e907",4
0.000252806021667686,6,4000,"8e907",5
NaN,6,4000,"8e907",6
NaN,6,4000,"8e907",7
NaN,6,4000,"8e907",8
3.29896673972199e-05,6,4000,"8e907",1
6.22122062723135e-05,6,4000,"8e907",2
6.51970355440562e-05,6,4000,"8e907",3
4.14805681909772e-05,6,4000,"8e907",4
0.000197989659229739,6,4000,"8e907",5
NaN,6,4000,"8e907",6
NaN,6,4000,"8e907",7
NaN,6,4000,"8e907",8
3.50729116756611e-05,6,4000,"8e907",1
3.90476346566567e-05,6,4000,"8e907",2
4.62615333968058e-05,6,4000,"8e907",3
5.43745876237604e-05,6,4000,"8e907",4
0.000253473028289868,6,4000,"8e907",5
NaN,6,4000,"8e907",6
NaN,6,4000,"8e907",7
4.47814573813314e-05,6,4000,"8e907",8
2.35163127393168e-05,6,4000,"8e907",1
2.19242761873248e-05,6,4000,"8e907",2
3.41203390735921e-05,6,4000,"8e907",3
4.05362173237138e-05,6,4000,"8e907",4
0.000230091356790022,6,4000,"8e907",5
NaN,6,4000,"8e907",6
NaN,6,4000,"8e907",7
1.55359804129229e-05,6,4000,"8e907",8
1.38879448930984e-05,6,4000,"8e907",1
2.12558287015257e-05,6,4000,"8e907",2
1.88243797719198e-05,6,4000,"8e907",3
3.69703659461276e-05,6,4000,"8e907",4
0.000246011633994375,6,4000,"8e907",5
NaN,6,4000,"8e907",6
NaN,6,4000,"8e907",7
2.94329085557756e-05,6,4000,"8e907",8
9.28438317355462e-06,6,4000,"8e907",1
1.91698608711461e-05,6,4000,"8e907",2
9.58447528686651e-06,6,4000,"8e907",3
8.34227869084251e-06,6,4000,"8e907",4
0.000122988181175625,6,4000,"8e907",5
NaN,6,4000,"8e907",6
NaN,6,4000,"8e907",7
NaN,6,4000,"8e907",8
NaN,6,4000,"8e907",1
3.42913689382417e-05,6,4000,"8e907",2
4.25265745607483e-05,6,4000,"8e907",3
8.53934640207198e-05,6,4000,"8e907",4
0.000298388829644156,6,4000,"8e907",5
NaN,6,4000,"8e907",6
NaN,6,4000,"8e907",7
NaN,6,4000,"8e907",8
2.66423939506261e-06,6,4500,"8e907",1
1.31152278431947e-05,6,4500,"8e907",2
7.70458681996871e-06,6,4500,"8e907",3
2.3486874056276e-05,6,4500,"8e907",4
0.000193342868281362,6,4500,"8e907",5
NaN,6,4500,"8e907",6
NaN,6,4500,"8e907",7
NaN,6,4500,"8e907",8
NaN,6,4500,"8e907",1
NaN,6,4500,"8e907",2
NaN,6,4500,"8e907",3
6.99536775035989e-05,6,4500,"8e907",4
0.000333724951051436,6,4500,"8e907",5
NaN,6,4500,"8e907",6
NaN,6,4500,"8e907",7
NaN,6,4500,"8e907",8
NaN,6,4500,"8e907",1
NaN,6,4500,"8e907",2
3.35037090087801e-05,6,4500,"8e907",3
4.93646877415125e-05,6,4500,"8e907",4
0.000201901858801497,6,4500,"8e907",5
NaN,6,4500,"8e907",6
NaN,6,4500,"8e907",7
8.68197841916096e-06,6,4500,"8e907",8
NaN,6,4500,"8e907",1
1.65488596161727e-05,6,4500,"8e907",2
2.07389848113806e-05,6,4500,"8e907",3
3.89649517370241e-05,6,4500,"8e907",4
0.000218575929813228,6,4500,"8e907",5
NaN,6,4500,"8e907",6
NaN,6,4500,"8e907",7
7.07764047571714e-06,6,4500,"8e907",8
NaN,6,4500,"8e907",1
2.45579931671696e-05,6,4500,"8e907",2
3.44334515797566e-05,6,4500,"8e907",3
5.6822599557018e-05,6,4500,"8e907",4
0.000245275501227458,6,4500,"8e907",5
NaN,6,4500,"8e907",6
NaN,6,4500,"8e907",7
6.74842522351515e-06,6,4500,"8e907",8
NaN,6,4500,"8e907",1
2.6032662332183e-05,6,4500,"8e907",2
NaN,6,4500,"8e907",3
4.65362102070874e-05,6,4500,"8e907",4
0.000258065061545412,6,4500,"8e907",5
NaN,6,4500,"8e907",6
NaN,6,4500,"8e907",7
3.76694783739149e-06,6,4500,"8e907",8
NaN,6,4500,"8e907",1
9.55387917974531e-06,6,4500,"8e907",2
7.54169689628278e-06,6,4500,"8e907",3
4.44154552650417e-05,6,4500,"8e907",4
0.000283582459275236,6,4500,"8e907",5
NaN,6,4500,"8e907",6
NaN,6,4500,"8e907",7
NaN,6,4500,"8e907",8
NaN,6,4500,"8e907",1
1.43124944322944e-05,6,4500,"8e907",2
2.02356163100428e-05,6,4500,"8e907",3
4.80104802209174e-05,6,4500,"8e907",4
0.000248702943469828,6,4500,"8e907",5
NaN,6,4500,"8e907",6
NaN,6,4500,"8e907",7
NaN,6,4500,"8e907",8
1.4724654991563e-05,6,4500,"8e907",1
2.43965206462322e-05,6,4500,"8e907",2
2.01043739779003e-05,6,4500,"8e907",3
5.89807785967157e-05,6,4500,"8e907",4
0.000269245971770367,6,4500,"8e907",5
NaN,6,4500,"8e907",6
NaN,6,4500,"8e907",7
1.553961609091e-05,6,4500,"8e907",8
6.8296999017109e-06,6,4500,"8e907",1
1.54029550963643e-05,6,4500,"8e907",2
1.4745156100278e-05,6,4500,"8e907",3
2.03652594891322e-05,6,4500,"8e907",4
0.000164858106506132,6,4500,"8e907",5
NaN,6,4500,"8e907",6
NaN,6,4500,"8e907",7
NaN,6,4500,"8e907",8
NaN,6,4500,"8e907",1
2.01136821036891e-05,6,4500,"8e907",2
2.8632895201023e-05,6,4500,"8e907",3
6.46917877074358e-05,6,4500,"8e907",4
0.000263237615136319,6,4500,"8e907",5
NaN,6,4500,"8e907",6
NaN,6,4500,"8e907",7
NaN,6,4500,"8e907",8
3.60078771285134e-05,6,4500,"8e907",1
3.77828145670742e-05,6,4500,"8e907",2
4.0645477991286e-05,6,4500,"8e907",3
6.94139908235287e-05,6,4500,"8e907",4
0.00038430394389064,6,4500,"8e907",5
NaN,6,4500,"8e907",6
NaN,6,4500,"8e907",7
2.98335904447012e-05,6,4500,"8e907",8
1.91797810253688e-05,6,4500,"8e907",1
2.2569478289977e-05,6,4500,"8e907",2
3.02663763859014e-05,6,4500,"8e907",3
4.42671496825155e-05,6,4500,"8e907",4
0.000229082955854514,6,4500,"8e907",5
NaN,6,4500,"8e907",6
NaN,6,4500,"8e907",7
1.32459673294493e-05,6,4500,"8e907",8
1.3328956379404e-05,6,4500,"8e907",1
7.73139647271764e-06,6,4500,"8e907",2
9.17324713975731e-06,6,4500,"8e907",3
4.54855435165843e-05,6,4500,"8e907",4
0.000265503543342583,6,4500,"8e907",5
NaN,6,4500,"8e907",6
NaN,6,4500,"8e907",7
NaN,6,4500,"8e907",8
2.74569326353715e-05,6,4500,"8e907",1
NaN,6,4500,"8e907",2
2.7059585700199e-05,6,4500,"8e907",3
4.00972857172553e-05,6,4500,"8e907",4
0.000228293036116563,6,4500,"8e907",5
NaN,6,4500,"8e907",6
NaN,6,4500,"8e907",7
3.91239314266064e-06,6,4500,"8e907",8
3.00040520355485e-05,6,4500,"8e907",1
3.77673488310103e-05,6,4500,"8e907",2
4.65425268114103e-05,6,4500,"8e907",3
6.32007484711805e-05,6,4500,"8e907",4
0.000333795273152452,6,4500,"8e907",5
NaN,6,4500,"8e907",6
NaN,6,4500,"8e907",7
NaN,6,4500,"8e907",8
3.96376330802818e-05,6,4500,"8e907",1
2.83190412416339e-05,6,4500,"8e907",2
4.05509733066555e-05,6,4500,"8e907",3
7.9692593465126e-05,6,4500,"8e907",4
0.000346687434633252,6,4500,"8e907",5
NaN,6,4500,"8e907",6
NaN,6,4500,"8e907",7
1.40464879551062e-05,6,4500,"8e907",8
1.61970293978722e-05,6,4500,"8e907",1
1.27451272923621e-05,6,4500,"8e907",2
1.13041699165777e-05,6,4500,"8e907",3
5.10581019272126e-05,6,4500,"8e907",4
0.000305245306863448,6,4500,"8e907",5
NaN,6,4500,"8e907",6
NaN,6,4500,"8e907",7
2.02075723190725e-05,6,4500,"8e907",8
1.90763693196511e-05,6,4500,"8e907",1
5.35781944632524e-06,6,4500,"8e907",2
5.89365654090256e-06,6,4500,"8e907",3
3.91524839043007e-05,6,4500,"8e907",4
0.000243674864372476,6,4500,"8e907",5
NaN,6,4500,"8e907",6
NaN,6,4500,"8e907",7
1.81623332451396e-05,6,4500,"8e907",8
1.72139719092167e-05,6,4500,"8e907",1
2.51136429622368e-05,6,4500,"8e907",2
3.89405875798438e-05,6,4500,"8e907",3
5.9386271751974e-05,6,4500,"8e907",4
0.000239316475300143,6,4500,"8e907",5
NaN,6,4500,"8e907",6
NaN,6,4500,"8e907",7
NaN,6,4500,"8e907",8
1.02847135972172e-05,7,3000,"8e907",1
2.54904566444298e-05,7,3000,"8e907",2
1.48152160248059e-05,7,3000,"8e907",3
1.11522247377903e-05,7,3000,"8e907",4
0.00014001510377462,7,3000,"8e907",5
NaN,7,3000,"8e907",6
NaN,7,3000,"8e907",7
3.90726672174397e-05,7,3000,"8e907",8
NaN,7,3000,"8e907",1
NaN,7,3000,"8e907",2
NaN,7,3000,"8e907",3
2.97826112114526e-05,7,3000,"8e907",4
0.000100794518981641,7,3000,"8e907",5
NaN,7,3000,"8e907",6
NaN,7,3000,"8e907",7
2.15799090069595e-05,7,3000,"8e907",8
NaN,7,3000,"8e907",1
NaN,7,3000,"8e907",2
2.79091859924143e-05,7,3000,"8e907",3
4.21028758700363e-05,7,3000,"8e907",4
0.000150728551740932,7,3000,"8e907",5
NaN,7,3000,"8e907",6
NaN,7,3000,"8e907",7
1.63201515928045e-05,7,3000,"8e907",8
NaN,7,3000,"8e907",1
2.93978398405461e-05,7,3000,"8e907",2
2.99892714293348e-05,7,3000,"8e907",3
1.99102105484336e-05,7,3000,"8e907",4
7.13106900384833e-05,7,3000,"8e907",5
NaN,7,3000,"8e907",6
NaN,7,3000,"8e907",7
2.81461757020239e-05,7,3000,"8e907",8
NaN,7,3000,"8e907",1
1.5101144890597e-05,7,3000,"8e907",2
1.30906227797397e-05,7,3000,"8e907",3
8.29890561079416e-06,7,3000,"8e907",4
9.2574459461975e-05,7,3000,"8e907",5
NaN,7,3000,"8e907",6
NaN,7,3000,"8e907",7
1.10115007759853e-05,7,3000,"8e907",8
NaN,7,3000,"8e907",1
NaN,7,3000,"8e907",2
3.56062949902726e-06,7,3000,"8e907",3
1.2031036179312e-05,7,3000,"8e907",4
0.000133001632029353,7,3000,"8e907",5
NaN,7,3000,"8e907",6
NaN,7,3000,"8e907",7
1.43557199212026e-05,7,3000,"8e907",8
NaN,7,3000,"8e907",1
2.60891583825344e-06,7,3000,"8e907",2
NaN,7,3000,"8e907",3
1.37418477004697e-05,7,3000,"8e907",4
8.98283197812191e-05,7,3000,"8e907",5
NaN,7,3000,"8e907",6
NaN,7,3000,"8e907",7
NaN,7,3000,"8e907",8
1.17753327335593e-05,7,3000,"8e907",1
1.31902935562328e-05,7,3000,"8e907",2
1.50228642865297e-05,7,3000,"8e907",3
1.67202709457352e-05,7,3000,"8e907",4
0.000107172545350632,7,3000,"8e907",5
NaN,7,3000,"8e907",6
NaN,7,3000,"8e907",7
NaN,7,3000,"8e907",8
1.57794013363163e-05,7,3000,"8e907",1
1.74356333914686e-05,7,3000,"8e907",2
2.0802429515996e-05,7,3000,"8e907",3
3.70215796075549e-05,7,3000,"8e907",4
0.000111437562718423,7,3000,"8e907",5
NaN,7,3000,"8e907",6
NaN,7,3000,"8e907",7
NaN,7,3000,"8e907",8
1.02144971941625e-05,7,3000,"8e907",1
1.49603864666881e-05,7,3000,"8e907",2
8.1253899807322e-06,7,3000,"8e907",3
1.6557065541417e-06,7,3000,"8e907",4
9.53305650334516e-05,7,3000,"8e907",5
NaN,7,3000,"8e907",6
NaN,7,3000,"8e907",7
NaN,7,3000,"8e907",8
9.1694168912704e-06,7,3000,"8e907",1
NaN,7,3000,"8e907",2
4.23242381277547e-06,7,3000,"8e907",3
9.35595639926332e-06,7,3000,"8e907",4
0.000118769520914108,7,3000,"8e907",5
NaN,7,3000,"8e907",6
NaN,7,3000,"8e907",7
8.70407611687811e-06,7,3000,"8e907",8
3.89076455262732e-05,7,3000,"8e907",1
2.49064648477067e-05,7,3000,"8e907",2
4.24518476345451e-05,7,3000,"8e907",3
5.08711684928001e-05,7,3000,"8e907",4
0.000157735599588843,7,3000,"8e907",5
NaN,7,3000,"8e907",6
NaN,7,3000,"8e907",7
2.28993841417159e-05,7,3000,"8e907",8
3.54105447986927e-05,7,3000,"8e907",1
2.58208953605919e-05,7,3000,"8e907",2
1.76592536822002e-05,7,3000,"8e907",3
2.16665414727738e-05,7,3000,"8e907",4
0.000148507261031423,7,3000,"8e907",5
NaN,7,3000,"8e907",6
NaN,7,3000,"8e907",7
2.85108187653545e-05,7,3000,"8e907",8
2.23373256311516e-05,7,3000,"8e907",1
2.84662090668632e-05,7,3000,"8e907",2
2.05685540980497e-05,7,3000,"8e907",3
2.78517926610053e-05,7,3000,"8e907",4
0.000104191381952716,7,3000,"8e907",5
NaN,7,3000,"8e907",6
NaN,7,3000,"8e907",7
1.11950743317507e-05,7,3000,"8e907",8
2.60226956111981e-05,7,3000,"8e907",1
2.24977987833374e-05,7,3000,"8e907",2
2.58845086510746e-05,7,3000,"8e907",3
3.46096940503384e-05,7,3000,"8e907",4
0.00011430427022663,7,3000,"8e907",5
NaN,7,3000,"8e907",6
NaN,7,3000,"8e907",7
3.10455273755425e-05,7,3000,"8e907",8
2.82327081944992e-05,7,3000,"8e907",1
3.02266637649859e-05,7,3000,"8e907",2
2.78708186244922e-05,7,3000,"8e907",3
1.41663901349753e-05,7,3000,"8e907",4
9.71112784129844e-05,7,3000,"8e907",5
NaN,7,3000,"8e907",6
NaN,7,3000,"8e907",7
2.11544674238116e-05,7,3000,"8e907",8
2.71718247626319e-05,7,3000,"8e907",1
2.18940023153678e-05,7,3000,"8e907",2
2.66411619691878e-05,7,3000,"8e907",3
3.35411932965011e-05,7,3000,"8e907",4
7.59052585610907e-05,7,3000,"8e907",5
NaN,7,3000,"8e907",6
NaN,7,3000,"8e907",7
2.14628688896336e-05,7,3000,"8e907",8
3.28018377388181e-05,7,3000,"8e907",1
1.95842687435036e-05,7,3000,"8e907",2
7.4176203980849e-06,7,3000,"8e907",3
7.33651692931778e-06,7,3000,"8e907",4
0.000190226013532221,7,3000,"8e907",5
NaN,7,3000,"8e907",6
NaN,7,3000,"8e907",7
2.99671228357571e-05,7,3000,"8e907",8
3.50725021375386e-05,7,3000,"8e907",1
2.0257259265944e-05,7,3000,"8e907",2
1.71882379572406e-05,7,3000,"8e907",3
1.8636514063494e-05,7,3000,"8e907",4
9.9881918498749e-05,7,3000,"8e907",5
NaN,7,3000,"8e907",6
NaN,7,3000,"8e907",7
1.49464543942308e-05,7,3000,"8e907",8
3.97340031843726e-05,7,3000,"8e907",1
3.93442114819999e-05,7,3000,"8e907",2
3.07364069210586e-05,7,3000,"8e907",3
NaN,7,3000,"8e907",4
4.25499812155551e-05,7,3000,"8e907",5
NaN,7,3000,"8e907",6
NaN,7,3000,"8e907",7
2.86647801912811e-05,7,3000,"8e907",8
2.059405148861e-05,7,3500,"8e907",1
1.51850363917261e-05,7,3500,"8e907",2
2.61243118679136e-05,7,3500,"8e907",3
5.48195047788302e-05,7,3500,"8e907",4
0.000149699403037227,7,3500,"8e907",5
NaN,7,3500,"8e907",6
NaN,7,3500,"8e907",7
1.07980236081196e-05,7,3500,"8e907",8
NaN,7,3500,"8e907",1
NaN,7,3500,"8e907",2
NaN,7,3500,"8e907",3
3.20703636811466e-05,7,3500,"8e907",4
0.000194935834478953,7,3500,"8e907",5
NaN,7,3500,"8e907",6
NaN,7,3500,"8e907",7
2.14377507794463e-05,7,3500,"8e907",8
NaN,7,3500,"8e907",1
NaN,7,3500,"8e907",2
3.28839969118445e-05,7,3500,"8e907",3
5.96691812342775e-06,7,3500,"8e907",4
0.000195090110208383,7,3500,"8e907",5
NaN,7,3500,"8e907",6
NaN,7,3500,"8e907",7
2.38977201368007e-05,7,3500,"8e907",8
NaN,7,3500,"8e907",1
8.16130866487691e-06,7,3500,"8e907",2
5.85086644279074e-06,7,3500,"8e907",3
4.56266504806203e-05,7,3500,"8e907",4
0.000164432694213664,7,3500,"8e907",5
NaN,7,3500,"8e907",6
NaN,7,3500,"8e907",7
NaN,7,3500,"8e907",8
NaN,7,3500,"8e907",1
NaN,7,3500,"8e907",2
1.49996773363456e-05,7,3500,"8e907",3
4.16429023985764e-05,7,3500,"8e907",4
0.000194627690148646,7,3500,"8e907",5
NaN,7,3500,"8e907",6
NaN,7,3500,"8e907",7
NaN,7,3500,"8e907",8
NaN,7,3500,"8e907",1
NaN,7,3500,"8e907",2
1.12116557385126e-05,7,3500,"8e907",3
3.81182688621574e-05,7,3500,"8e907",4
0.000224690974596377,7,3500,"8e907",5
NaN,7,3500,"8e907",6
NaN,7,3500,"8e907",7
1.0507241024036e-05,7,3500,"8e907",8
NaN,7,3500,"8e907",1
2.1884518750664e-05,7,3500,"8e907",2
3.05325258013161e-06,7,3500,"8e907",3
3.46949021024012e-05,7,3500,"8e907",4
0.000225181498256323,7,3500,"8e907",5
NaN,7,3500,"8e907",6
NaN,7,3500,"8e907",7
NaN,7,3500,"8e907",8
1.51828047884234e-06,7,3500,"8e907",1
NaN,7,3500,"8e907",2
NaN,7,3500,"8e907",3
3.61811440495125e-05,7,3500,"8e907",4
0.000241330242126895,7,3500,"8e907",5
NaN,7,3500,"8e907",6
NaN,7,3500,"8e907",7
NaN,7,3500,"8e907",8
8.04536256066796e-06,7,3500,"8e907",1
3.29446432426618e-05,7,3500,"8e907",2
4.33929674984846e-05,7,3500,"8e907",3
6.52812996569748e-05,7,3500,"8e907",4
0.000256745458838965,7,3500,"8e907",5
NaN,7,3500,"8e907",6
NaN,7,3500,"8e907",7
1.77011087233138e-06,7,3500,"8e907",8
7.71040961698911e-06,7,3500,"8e907",1
NaN,7,3500,"8e907",2
1.44944048873944e-05,7,3500,"8e907",3
1.94159529962204e-05,7,3500,"8e907",4
0.000107394607332692,7,3500,"8e907",5
NaN,7,3500,"8e907",6
NaN,7,3500,"8e907",7
1.45669568519044e-05,7,3500,"8e907",8
1.48352613750821e-05,7,3500,"8e907",1
3.03196001533899e-05,7,3500,"8e907",2
2.64147060138533e-05,7,3500,"8e907",3
3.19073093850232e-05,7,3500,"8e907",4
0.000193930966753345,7,3500,"8e907",5
NaN,7,3500,"8e907",6
NaN,7,3500,"8e907",7
2.45067446981984e-05,7,3500,"8e907",8
4.13968345258917e-05,7,3500,"8e907",1
4.24401226663947e-05,7,3500,"8e907",2
4.42012725084125e-05,7,3500,"8e907",3
4.73078784100029e-05,7,3500,"8e907",4
0.000159812609779775,7,3500,"8e907",5
NaN,7,3500,"8e907",6
NaN,7,3500,"8e907",7
5.90923922386237e-05,7,3500,"8e907",8
2.47168053850959e-05,7,3500,"8e907",1
3.52675407757526e-05,7,3500,"8e907",2
3.43558144440939e-05,7,3500,"8e907",3
5.13080736521452e-05,7,3500,"8e907",4
0.00014808742170785,7,3500,"8e907",5
NaN,7,3500,"8e907",6
NaN,7,3500,"8e907",7
8.62304191069392e-06,7,3500,"8e907",8
3.85327339560594e-05,7,3500,"8e907",1
3.51586291094507e-05,7,3500,"8e907",2
3.25253690896717e-05,7,3500,"8e907",3
3.8724644981775e-05,7,3500,"8e907",4
0.000193728575970443,7,3500,"8e907",5
NaN,7,3500,"8e907",6
NaN,7,3500,"8e907",7
2.46531929150649e-05,7,3500,"8e907",8
2.85062152830586e-05,7,3500,"8e907",1
2.60808186914885e-05,7,3500,"8e907",2
3.59201447380889e-05,7,3500,"8e907",3
5.14520409820268e-05,7,3500,"8e907",4
0.000289084830388075,7,3500,"8e907",5
NaN,7,3500,"8e907",6
NaN,7,3500,"8e907",7
2.00145087909568e-05,7,3500,"8e907",8
2.84648987795122e-05,7,3500,"8e907",1
2.30293121488572e-05,7,3500,"8e907",2
2.07695542151612e-05,7,3500,"8e907",3
2.46731529199477e-05,7,3500,"8e907",4
0.000186700152424759,7,3500,"8e907",5
NaN,7,3500,"8e907",6
NaN,7,3500,"8e907",7
2.37926368431892e-05,7,3500,"8e907",8
2.36399206770473e-05,7,3500,"8e907",1
2.54231002158345e-05,7,3500,"8e907",2
1.76863948182959e-05,7,3500,"8e907",3
2.03638638106608e-05,7,3500,"8e907",4
0.000175365060253632,7,3500,"8e907",5
NaN,7,3500,"8e907",6
NaN,7,3500,"8e907",7
2.70136022374984e-05,7,3500,"8e907",8
3.3164592616742e-05,7,3500,"8e907",1
2.3994733218351e-05,7,3500,"8e907",2
9.93503769996701e-06,7,3500,"8e907",3
3.42235822670085e-05,7,3500,"8e907",4
0.000232734600071121,7,3500,"8e907",5
NaN,7,3500,"8e907",6
NaN,7,3500,"8e907",7
1.04587814837689e-05,7,3500,"8e907",8
3.15868307588698e-05,7,3500,"8e907",1
1.50839531270731e-05,7,3500,"8e907",2
1.63678116371424e-05,7,3500,"8e907",3
5.25860446869912e-05,7,3500,"8e907",4
0.000221508316636212,7,3500,"8e907",5
NaN,7,3500,"8e907",6
NaN,7,3500,"8e907",7
1.95472727319446e-05,7,3500,"8e907",8
3.18283210298868e-05,7,3500,"8e907",1
3.65795727714912e-05,7,3500,"8e907",2
3.20825477150931e-05,7,3500,"8e907",3
1.32660270920254e-05,7,3500,"8e907",4
0.000194767415967938,7,3500,"8e907",5
NaN,7,3500,"8e907",6
NaN,7,3500,"8e907",7
3.08433582243988e-05,7,3500,"8e907",8
4.54573285098718e-05,7,4000,"8e907",1
3.76812094178395e-05,7,4000,"8e907",2
6.61398203131759e-05,7,4000,"8e907",3
6.05440579116726e-05,7,4000,"8e907",4
0.000244574254653898,7,4000,"8e907",5
NaN,7,4000,"8e907",6
NaN,7,4000,"8e907",7
1.13320952664396e-05,7,4000,"8e907",8
NaN,7,4000,"8e907",1
NaN,7,4000,"8e907",2
NaN,7,4000,"8e907",3
6.98790810516452e-05,7,4000,"8e907",4
0.000182596799103929,7,4000,"8e907",5
NaN,7,4000,"8e907",6
NaN,7,4000,"8e907",7
1.23515489309153e-05,7,4000,"8e907",8
NaN,7,4000,"8e907",1
NaN,7,4000,"8e907",2
3.36219915465734e-05,7,4000,"8e907",3
5.62135801310228e-05,7,4000,"8e907",4
0.000314174228156701,7,4000,"8e907",5
NaN,7,4000,"8e907",6
NaN,7,4000,"8e907",7
2.35336484940141e-05,7,4000,"8e907",8
NaN,7,4000,"8e907",1
2.00644758317714e-05,7,4000,"8e907",2
2.74112624358869e-05,7,4000,"8e907",3
3.93946710767252e-05,7,4000,"8e907",4
0.000180904422627078,7,4000,"8e907",5
NaN,7,4000,"8e907",6
NaN,7,4000,"8e907",7
2.26268655041746e-05,7,4000,"8e907",8
4.50128342111342e-06,7,4000,"8e907",1
NaN,7,4000,"8e907",2
1.48725664279548e-05,7,4000,"8e907",3
3.77163613340982e-05,7,4000,"8e907",4
0.000225917758338997,7,4000,"8e907",5
NaN,7,4000,"8e907",6
NaN,7,4000,"8e907",7
2.54763256787355e-05,7,4000,"8e907",8
NaN,7,4000,"8e907",1
3.05410161803315e-06,7,4000,"8e907",2
7.37049480709462e-06,7,4000,"8e907",3
2.63115468000215e-05,7,4000,"8e907",4
0.00019774290824125,7,4000,"8e907",5
NaN,7,4000,"8e907",6
NaN,7,4000,"8e907",7
8.32322896160086e-06,7,4000,"8e907",8
NaN,7,4000,"8e907",1
2.98465438169068e-05,7,4000,"8e907",2
2.858650396834e-05,7,4000,"8e907",3
4.43148842445025e-05,7,4000,"8e907",4
0.000217566356216436,7,4000,"8e907",5
NaN,7,4000,"8e907",6
NaN,7,4000,"8e907",7
NaN,7,4000,"8e907",8
3.04475626626263e-06,7,4000,"8e907",1
3.28924970786089e-06,7,4000,"8e907",2
1.79064474322311e-06,7,4000,"8e907",3
3.01816449783476e-05,7,4000,"8e907",4
0.000216682428249282,7,4000,"8e907",5
NaN,7,4000,"8e907",6
NaN,7,4000,"8e907",7
NaN,7,4000,"8e907",8
3.91258734625439e-06,7,4000,"8e907",1
NaN,7,4000,"8e907",2
1.16967622023425e-05,7,4000,"8e907",3
4.02676971931802e-05,7,4000,"8e907",4
0.000213594722463944,7,4000,"8e907",5
NaN,7,4000,"8e907",6
NaN,7,4000,"8e907",7
NaN,7,4000,"8e907",8
8.08411831989703e-06,7,4000,"8e907",1
1.2597387856529e-05,7,4000,"8e907",2
8.2185713932171e-06,7,4000,"8e907",3
3.04109412939051e-05,7,4000,"8e907",4
0.000226076144394752,7,4000,"8e907",5
NaN,7,4000,"8e907",6
NaN,7,4000,"8e907",7
1.47799219001837e-05,7,4000,"8e907",8
4.53004533276785e-05,7,4000,"8e907",1
3.76747332891926e-05,7,4000,"8e907",2
4.63515512319421e-05,7,4000,"8e907",3
7.53602466841441e-05,7,4000,"8e907",4
0.000312602986694831,7,4000,"8e907",5
NaN,7,4000,"8e907",6
NaN,7,4000,"8e907",7
NaN,7,4000,"8e907",8
3.08811813915644e-05,7,4000,"8e907",1
2.99737159049792e-05,7,4000,"8e907",2
3.36419602989634e-05,7,4000,"8e907",3
3.03885892616481e-05,7,4000,"8e907",4
0.000214659330167632,7,4000,"8e907",5
NaN,7,4000,"8e907",6
NaN,7,4000,"8e907",7
4.76302902044136e-05,7,4000,"8e907",8
3.09572926521949e-05,7,4000,"8e907",1
2.62917991649944e-05,7,4000,"8e907",2
3.70220729752531e-05,7,4000,"8e907",3
5.18620201598965e-05,7,4000,"8e907",4
0.000164258263724988,7,4000,"8e907",5
NaN,7,4000,"8e907",6
NaN,7,4000,"8e907",7
5.69230078779293e-05,7,4000,"8e907",8
3.47006175479417e-05,7,4000,"8e907",1
4.62444907994489e-05,7,4000,"8e907",2
3.96089684881295e-05,7,4000,"8e907",3
6.76028630538201e-05,7,4000,"8e907",4
0.000349330675513886,7,4000,"8e907",5
NaN,7,4000,"8e907",6
NaN,7,4000,"8e907",7
2.6820250315586e-05,7,4000,"8e907",8
2.27146062354212e-05,7,4000,"8e907",1
3.8364867990306e-05,7,4000,"8e907",2
3.5601238357221e-05,7,4000,"8e907",3
5.05871350299987e-05,7,4000,"8e907",4
0.000215717185053075,7,4000,"8e907",5
NaN,7,4000,"8e907",6
NaN,7,4000,"8e907",7
2.03205883793313e-05,7,4000,"8e907",8
3.05307326532557e-05,7,4000,"8e907",1
2.96436577842223e-05,7,4000,"8e907",2
4.00959022774544e-05,7,4000,"8e907",3
6.23999589467342e-05,7,4000,"8e907",4
0.000281034021450544,7,4000,"8e907",5
NaN,7,4000,"8e907",6
NaN,7,4000,"8e907",7
1.63705197833735e-05,7,4000,"8e907",8
5.71880659682317e-05,7,4000,"8e907",1
2.95237251303711e-05,7,4000,"8e907",2
4.82345344159584e-05,7,4000,"8e907",3
5.36831867040426e-05,7,4000,"8e907",4
0.000287576704798097,7,4000,"8e907",5
NaN,7,4000,"8e907",6
NaN,7,4000,"8e907",7
1.94516927583074e-05,7,4000,"8e907",8
2.00774136308831e-05,7,4000,"8e907",1
2.27647730158304e-05,7,4000,"8e907",2
1.34886837976705e-05,7,4000,"8e907",3
2.83808369569392e-05,7,4000,"8e907",4
0.000302143142550504,7,4000,"8e907",5
NaN,7,4000,"8e907",6
NaN,7,4000,"8e907",7
2.11777669514696e-05,7,4000,"8e907",8
2.74791389303044e-05,7,4000,"8e907",1
1.99995292433092e-05,7,4000,"8e907",2
1.45777824969324e-05,7,4000,"8e907",3
2.21100213424551e-05,7,4000,"8e907",4
0.000242656690461528,7,4000,"8e907",5
NaN,7,4000,"8e907",6
NaN,7,4000,"8e907",7
1.29317942951891e-05,7,4000,"8e907",8
4.02531446044879e-05,7,4000,"8e907",1
3.65386054701672e-05,7,4000,"8e907",2
1.44100911571167e-05,7,4000,"8e907",3
4.05821123849072e-05,7,4000,"8e907",4
0.000200406642035212,7,4000,"8e907",5
NaN,7,4000,"8e907",6
NaN,7,4000,"8e907",7
2.91529509442366e-05,7,4000,"8e907",8
1.19578933755146e-05,7,4500,"8e907",1
1.67683567938853e-05,7,4500,"8e907",2
1.58335149279009e-05,7,4500,"8e907",3
4.6920248086707e-05,7,4500,"8e907",4
0.00027659967750896,7,4500,"8e907",5
NaN,7,4500,"8e907",6
NaN,7,4500,"8e907",7
1.23000754983946e-05,7,4500,"8e907",8
NaN,7,4500,"8e907",1
NaN,7,4500,"8e907",2
NaN,7,4500,"8e907",3
5.63015112248839e-05,7,4500,"8e907",4
0.000337084042334407,7,4500,"8e907",5
NaN,7,4500,"8e907",6
NaN,7,4500,"8e907",7
1.21975150505864e-05,7,4500,"8e907",8
NaN,7,4500,"8e907",1
NaN,7,4500,"8e907",2
3.28883448237302e-05,7,4500,"8e907",3
6.90059549435153e-05,7,4500,"8e907",4
0.000202742259000269,7,4500,"8e907",5
NaN,7,4500,"8e907",6
NaN,7,4500,"8e907",7
1.84879399307293e-05,7,4500,"8e907",8
NaN,7,4500,"8e907",1
3.69794549437545e-05,7,4500,"8e907",2
4.012389751803e-05,7,4500,"8e907",3
7.9140442086819e-05,7,4500,"8e907",4
0.000354998174736454,7,4500,"8e907",5
NaN,7,4500,"8e907",6
NaN,7,4500,"8e907",7
NaN,7,4500,"8e907",8
1.11169022985967e-05,7,4500,"8e907",1
1.05038358970286e-05,7,4500,"8e907",2
2.51740798210158e-05,7,4500,"8e907",3
6.21313125242361e-05,7,4500,"8e907",4
0.000277674168608845,7,4500,"8e907",5
NaN,7,4500,"8e907",6
NaN,7,4500,"8e907",7
NaN,7,4500,"8e907",8
NaN,7,4500,"8e907",1
NaN,7,4500,"8e907",2
6.77394636542927e-06,7,4500,"8e907",3
5.5120599414479e-05,7,4500,"8e907",4
0.000290376698438784,7,4500,"8e907",5
NaN,7,4500,"8e907",6
NaN,7,4500,"8e907",7
NaN,7,4500,"8e907",8
NaN,7,4500,"8e907",1
2.32389120558041e-05,7,4500,"8e907",2
7.34092250930676e-06,7,4500,"8e907",3
2.76084936463972e-05,7,4500,"8e907",4
0.000162738426057156,7,4500,"8e907",5
NaN,7,4500,"8e907",6
NaN,7,4500,"8e907",7
NaN,7,4500,"8e907",8
2.57525214002609e-06,7,4500,"8e907",1
6.72900757596974e-06,7,4500,"8e907",2
2.15157815095568e-06,7,4500,"8e907",3
3.74099519123487e-05,7,4500,"8e907",4
0.000261069469421983,7,4500,"8e907",5
NaN,7,4500,"8e907",6
NaN,7,4500,"8e907",7
NaN,7,4500,"8e907",8
1.42857156639894e-05,7,4500,"8e907",1
5.20501675601489e-06,7,4500,"8e907",2
2.34827400669106e-05,7,4500,"8e907",3
3.97501474917373e-05,7,4500,"8e907",4
0.000322335311773474,7,4500,"8e907",5
NaN,7,4500,"8e907",6
NaN,7,4500,"8e907",7
NaN,7,4500,"8e907",8
2.15652152067121e-05,7,4500,"8e907",1
1.17337321943675e-05,7,4500,"8e907",2
2.64360983329776e-05,7,4500,"8e907",3
4.66587853293439e-05,7,4500,"8e907",4
0.000280245726351548,7,4500,"8e907",5
NaN,7,4500,"8e907",6
NaN,7,4500,"8e907",7
2.59187914028522e-05,7,4500,"8e907",8
2.23885106585488e-05,7,4500,"8e907",1
3.25264599634359e-05,7,4500,"8e907",2
4.36985172155534e-05,7,4500,"8e907",3
4.84878566459584e-05,7,4500,"8e907",4
0.000268983014290509,7,4500,"8e907",5
NaN,7,4500,"8e907",6
NaN,7,4500,"8e907",7
2.3093452011229e-05,7,4500,"8e907",8
4.92160164955878e-05,7,4500,"8e907",1
6.18048708673861e-05,7,4500,"8e907",2
5.90049882038861e-05,7,4500,"8e907",3
7.66654691291276e-05,7,4500,"8e907",4
0.000333465421992041,7,4500,"8e907",5
NaN,7,4500,"8e907",6
NaN,7,4500,"8e907",7
1.68356039625305e-05,7,4500,"8e907",8
3.88225600787654e-05,7,4500,"8e907",1
4.12088427427328e-05,7,4500,"8e907",2
4.76376985508241e-05,7,4500,"8e907",3
7.48760651915343e-05,7,4500,"8e907",4
0.000289768128175256,7,4500,"8e907",5
NaN,7,4500,"8e907",6
NaN,7,4500,"8e907",7
3.06002971284824e-05,7,4500,"8e907",8
3.37767741462687e-05,7,4500,"8e907",1
3.60260203447772e-05,7,4500,"8e907",2
5.61703533178402e-05,7,4500,"8e907",3
7.59377884233955e-05,7,4500,"8e907",4
0.000313946205114233,7,4500,"8e907",5
NaN,7,4500,"8e907",6
NaN,7,4500,"8e907",7
1.70464594919732e-05,7,4500,"8e907",8
3.19126555482209e-05,7,4500,"8e907",1
3.56879571598825e-05,7,4500,"8e907",2
4.08987664256612e-05,7,4500,"8e907",3
4.87830324399146e-05,7,4500,"8e907",4
0.000217367894458438,7,4500,"8e907",5
NaN,7,4500,"8e907",6
NaN,7,4500,"8e907",7
6.31889230322692e-05,7,4500,"8e907",8
4.70647024360436e-05,7,4500,"8e907",1
1.83535182399308e-05,7,4500,"8e907",2
2.07914955659626e-05,7,4500,"8e907",3
3.88224427568795e-05,7,4500,"8e907",4
0.000247581191128477,7,4500,"8e907",5
NaN,7,4500,"8e907",6
NaN,7,4500,"8e907",7
2.06391976088971e-05,7,4500,"8e907",8
2.17428564424342e-05,7,4500,"8e907",1
1.66078854018936e-05,7,4500,"8e907",2
3.15821086934678e-05,7,4500,"8e907",3
4.52841430083956e-05,7,4500,"8e907",4
0.000222900332108372,7,4500,"8e907",5
NaN,7,4500,"8e907",6
NaN,7,4500,"8e907",7
2.59624407873416e-05,7,4500,"8e907",8
2.52233122022119e-05,7,4500,"8e907",1
9.34519555411015e-06,7,4500,"8e907",2
2.03443803790465e-06,7,4500,"8e907",3
1.85721107315346e-05,7,4500,"8e907",4
0.000312874799074327,7,4500,"8e907",5
NaN,7,4500,"8e907",6
NaN,7,4500,"8e907",7
1.52064699188597e-05,7,4500,"8e907",8
3.91871273918286e-05,7,4500,"8e907",1
2.51917926761189e-05,7,4500,"8e907",2
9.66184096708484e-06,7,4500,"8e907",3
2.9075768010125e-05,7,4500,"8e907",4
0.000222212320190609,7,4500,"8e907",5
NaN,7,4500,"8e907",6
NaN,7,4500,"8e907",7
1.00302107210297e-05,7,4500,"8e907",8
3.91207874989471e-05,7,4500,"8e907",1
4.42714119515761e-05,7,4500,"8e907",2
5.24445507793514e-05,7,4500,"8e907",3
3.6133334094384e-05,7,4500,"8e907",4
0.000283203108495273,7,4500,"8e907",5
NaN,7,4500,"8e907",6
NaN,7,4500,"8e907",7
2.00117721571501e-05,7,4500,"8e907",8
