PPvec,blockVec,stimLevelVec,sidVec,chanVec,PPfromAvgVec,rmsVec
NaN,2,500,"c963f",1,0,4.33606043393344e-05
NaN,2,500,"c963f",2,0,2.12286879113907e-05
NaN,2,500,"c963f",3,0,2.67482449183168e-05
0.000122945319129624,2,500,"c963f",4,1.41693765423325e-05,2.65894515091476e-05
NaN,2,500,"c963f",5,9.00350487420841e-06,3.17575185856235e-05
NaN,2,500,"c963f",6,2.63057799404105e-05,5.50584614912127e-05
NaN,2,500,"c963f",7,NaN,NaN
NaN,2,500,"c963f",8,NaN,NaN
NaN,2,500,"c963f",1,0,6.33915163222525e-05
NaN,2,500,"c963f",2,0,4.07261977663732e-05
NaN,2,500,"c963f",3,0,3.41989914988357e-05
NaN,2,500,"c963f",4,1.55192844553522e-05,2.5177548006267e-05
NaN,2,500,"c963f",5,1.23508818300963e-05,2.57384464447977e-05
1.00538746663176e-05,2,500,"c963f",6,2.75230314725071e-05,4.18175650149595e-05
NaN,2,500,"c963f",7,NaN,0
NaN,2,500,"c963f",8,NaN,0
6.47381384730604e-05,2,500,"c963f",1,0,3.69898327092148e-05
NaN,2,500,"c963f",2,0,3.40584732956786e-05
NaN,2,500,"c963f",3,0,9.93531464416775e-06
1.48591960750113e-05,2,500,"c963f",4,1.38107525519317e-05,1.48861051780832e-05
1.67700482386791e-05,2,500,"c963f",5,1.06323519823305e-05,1.29497999287823e-05
2.16355832070179e-05,2,500,"c963f",6,2.58613446312322e-05,2.94390538913387e-05
NaN,2,500,"c963f",7,NaN,0
NaN,2,500,"c963f",8,NaN,0
NaN,2,500,"c963f",1,0,7.80032459051497e-06
NaN,2,500,"c963f",2,0,1.41907951987107e-05
NaN,2,500,"c963f",3,0,1.61328057131347e-05
NaN,2,500,"c963f",4,1.73869496296913e-05,2.21628398429165e-05
NaN,2,500,"c963f",5,9.25134724552693e-06,1.99561849776725e-05
NaN,2,500,"c963f",6,2.12074209241197e-05,3.11341854375451e-05
NaN,2,500,"c963f",7,NaN,0
NaN,2,500,"c963f",8,NaN,0
NaN,2,500,"c963f",1,0,2.1444332982573e-05
NaN,2,500,"c963f",2,0,7.98307467249565e-06
NaN,2,500,"c963f",3,0,1.28281320133756e-05
NaN,2,500,"c963f",4,1.76991755010843e-05,1.58627476810304e-05
NaN,2,500,"c963f",5,1.43829180827123e-05,2.241083322596e-05
NaN,2,500,"c963f",6,2.46176661664374e-05,3.31043946407194e-05
NaN,2,500,"c963f",7,NaN,0
NaN,2,500,"c963f",8,NaN,0
4.56210430586579e-05,2,500,"c963f",1,0,2.03713258908335e-05
2.66518206873847e-05,2,500,"c963f",2,0,2.37343552738143e-05
6.4110393456787e-05,2,500,"c963f",3,0,2.75063664691056e-05
5.39464107429865e-05,2,500,"c963f",4,2.06307890414939e-05,2.98453666178024e-05
5.57156389210202e-05,2,500,"c963f",5,1.50019714474293e-05,2.74772690753801e-05
NaN,2,500,"c963f",6,2.85114407583973e-05,4.23169801611569e-05
NaN,2,500,"c963f",7,NaN,0
NaN,2,500,"c963f",8,NaN,0
NaN,2,500,"c963f",1,0,9.69000363054295e-06
NaN,2,500,"c963f",2,0,1.61317665300537e-05
NaN,2,500,"c963f",3,0,1.20448402046798e-05
2.11872705555363e-05,2,500,"c963f",4,2.25924465311263e-05,1.97448542575813e-05
NaN,2,500,"c963f",5,1.59198025621742e-05,3.28496445404385e-05
NaN,2,500,"c963f",6,2.92408895761484e-05,3.64516213586523e-05
NaN,2,500,"c963f",7,NaN,0
NaN,2,500,"c963f",8,NaN,0
NaN,2,500,"c963f",1,0,1.78953854652546e-05
NaN,2,500,"c963f",2,0,2.01810737950561e-05
NaN,2,500,"c963f",3,0,1.09214466896104e-05
NaN,2,500,"c963f",4,1.24586885049866e-05,2.54980878217193e-05
NaN,2,500,"c963f",5,1.07869262079348e-05,2.30787557293856e-05
1.00930098508574e-05,2,500,"c963f",6,2.27621226823637e-05,3.31659114463334e-05
NaN,2,500,"c963f",7,NaN,0
NaN,2,500,"c963f",8,NaN,0
NaN,2,500,"c963f",1,0,5.1771208841333e-05
NaN,2,500,"c963f",2,0,3.58586773988255e-05
NaN,2,500,"c963f",3,0,5.18622262002348e-05
NaN,2,500,"c963f",4,1.80366598314425e-05,4.40814867487867e-05
NaN,2,500,"c963f",5,1.48076180441243e-05,4.28076297439904e-05
NaN,2,500,"c963f",6,2.79111982523556e-05,4.32530217711367e-05
NaN,2,500,"c963f",7,NaN,0
NaN,2,500,"c963f",8,NaN,0
NaN,2,1000,"c963f",1,0,1.85829579428226e-05
NaN,2,1000,"c963f",2,0,1.98308144678398e-05
NaN,2,1000,"c963f",3,1.34607660630599e-05,2.36017879196612e-05
NaN,2,1000,"c963f",4,2.1606213592256e-05,3.25152277432706e-05
NaN,2,1000,"c963f",5,2.76038380475239e-05,5.85922658973153e-05
0.000100949011925844,2,1000,"c963f",6,4.24484548280256e-05,8.09212712131266e-05
NaN,2,1000,"c963f",7,NaN,NaN
NaN,2,1000,"c963f",8,NaN,NaN
NaN,2,1000,"c963f",1,0,1.24360038682339e-05
NaN,2,1000,"c963f",2,0,1.05596718640298e-05
7.95525396916108e-05,2,1000,"c963f",3,1.19967719814943e-05,3.20392582800544e-05
0.000112965700354684,2,1000,"c963f",4,1.88092033803378e-05,4.63000369178192e-05
0.000121867893167865,2,1000,"c963f",5,2.47887335301162e-05,5.67460471787541e-05
7.5359649788746e-05,2,1000,"c963f",6,4.14440996652579e-05,6.9743044997249e-05
NaN,2,1000,"c963f",7,NaN,0
NaN,2,1000,"c963f",8,NaN,0
NaN,2,1000,"c963f",1,0,1.07792332245325e-05
NaN,2,1000,"c963f",2,0,1.25226384112544e-05
NaN,2,1000,"c963f",3,1.4761459073919e-05,3.55146675164593e-05
NaN,2,1000,"c963f",4,2.3064740312993e-05,3.79352291618002e-05
4.21240475059378e-05,2,1000,"c963f",5,2.63071740786641e-05,4.57705164002542e-05
3.026790414517e-05,2,1000,"c963f",6,3.96903958647979e-05,6.31078392213835e-05
NaN,2,1000,"c963f",7,NaN,0
NaN,2,1000,"c963f",8,NaN,0
NaN,2,1000,"c963f",1,0,3.26935352622669e-05
NaN,2,1000,"c963f",2,0,1.65889067613407e-05
NaN,2,1000,"c963f",3,1.76597657826932e-05,1.6991517397295e-05
NaN,2,1000,"c963f",4,2.29921127631806e-05,3.39880921587258e-05
3.24941588041828e-05,2,1000,"c963f",5,2.95595151684717e-05,3.97353050878196e-05
4.99304331947288e-05,2,1000,"c963f",6,4.47902787239497e-05,6.96227756802959e-05
NaN,2,1000,"c963f",7,NaN,0
NaN,2,1000,"c963f",8,NaN,0
NaN,2,1000,"c963f",1,0,2.23841386397661e-05
NaN,2,1000,"c963f",2,0,2.03453914816493e-05
NaN,2,1000,"c963f",3,1.89989086381314e-05,3.03843184727542e-05
2.28619075393151e-05,2,1000,"c963f",4,2.41102993486101e-05,2.50648828369835e-05
4.25486942975937e-05,2,1000,"c963f",5,2.60671640398097e-05,4.21227751590722e-05
2.6093920676665e-05,2,1000,"c963f",6,4.587027668535e-05,6.50208389092579e-05
NaN,2,1000,"c963f",7,NaN,0
NaN,2,1000,"c963f",8,NaN,0
NaN,2,1000,"c963f",1,0,1.43284509280837e-05
NaN,2,1000,"c963f",2,0,1.67832271512481e-05
NaN,2,1000,"c963f",3,1.75440052905699e-05,1.8557293678339e-05
NaN,2,1000,"c963f",4,2.33064204767353e-05,2.65168856026652e-05
NaN,2,1000,"c963f",5,2.79098930649477e-05,3.66892856782892e-05
6.03026748269753e-05,2,1000,"c963f",6,4.29640250071694e-05,6.42091462194666e-05
NaN,2,1000,"c963f",7,NaN,0
NaN,2,1000,"c963f",8,NaN,0
NaN,2,1000,"c963f",1,0,1.97730965757781e-05
NaN,2,1000,"c963f",2,0,2.23867207440337e-05
1.435638825276e-05,2,1000,"c963f",3,1.58726562426302e-05,1.65863963607906e-05
6.08046162580984e-05,2,1000,"c963f",4,2.34904553376062e-05,4.57999419241906e-05
NaN,2,1000,"c963f",5,2.76483426574734e-05,4.25542767562885e-05
NaN,2,1000,"c963f",6,4.25277598843196e-05,7.22312946701965e-05
NaN,2,1000,"c963f",7,NaN,0
NaN,2,1000,"c963f",8,NaN,0
NaN,2,1000,"c963f",1,0,1.84313204961589e-05
NaN,2,1000,"c963f",2,0,2.62077153214355e-05
NaN,2,1000,"c963f",3,1.36392576620374e-05,3.58308472899342e-05
NaN,2,1000,"c963f",4,1.89329360893743e-05,3.98665069831946e-05
0.000100093555383237,2,1000,"c963f",5,2.01456335818595e-05,5.02012978654502e-05
0.000119119903510361,2,1000,"c963f",6,2.94880663869787e-05,8.75514475456854e-05
NaN,2,1000,"c963f",7,NaN,0
NaN,2,1000,"c963f",8,NaN,0
NaN,2,1000,"c963f",1,0,2.37122258974077e-05
NaN,2,1000,"c963f",2,0,1.50622014645126e-05
NaN,2,1000,"c963f",3,1.45268388667144e-05,2.3150669208459e-05
NaN,2,1000,"c963f",4,1.96680493906087e-05,2.38332546126673e-05
2.20942540076689e-05,2,1000,"c963f",5,2.45645821397572e-05,3.20447180441958e-05
3.2067437270638e-05,2,1000,"c963f",6,3.96258318577361e-05,6.63463179275121e-05
NaN,2,1000,"c963f",7,NaN,0
NaN,2,1000,"c963f",8,NaN,0
6.75659409207939e-05,2,2000,"c963f",1,0,2.21861843328068e-05
NaN,2,2000,"c963f",2,5.36244273674291e-06,2.37179450797641e-05
NaN,2,2000,"c963f",3,0,3.01047842966961e-05
6.12789542090264e-05,2,2000,"c963f",4,4.78861083567106e-05,4.38359333059564e-05
4.57924422178215e-05,2,2000,"c963f",5,1.4072537463716e-05,4.03120157251489e-05
0.000125960832395389,2,2000,"c963f",6,6.0040372607576e-05,0.000105567903961917
NaN,2,2000,"c963f",7,NaN,NaN
NaN,2,2000,"c963f",8,NaN,NaN
0.000133506826941418,2,2000,"c963f",1,0,5.41862327578255e-05
NaN,2,2000,"c963f",2,1.00007686613973e-05,4.4219747275573e-05
9.30547081723513e-05,2,2000,"c963f",3,0,5.38167502963973e-05
4.44445667053973e-05,2,2000,"c963f",4,4.84430736853796e-05,5.90251699547782e-05
7.17668116945685e-05,2,2000,"c963f",5,2.25842693708566e-05,6.37974044654755e-05
0.000150500331079963,2,2000,"c963f",6,8.91961844062215e-05,0.000121657505245417
NaN,2,2000,"c963f",7,NaN,0
NaN,2,2000,"c963f",8,NaN,0
NaN,2,2000,"c963f",1,0,6.9603496796909e-05
NaN,2,2000,"c963f",2,6.04767233644211e-06,5.31005358168379e-05
2.29186193531213e-05,2,2000,"c963f",3,0,1.65510384079071e-05
3.59999271698717e-05,2,2000,"c963f",4,4.78035539848425e-05,4.80080718512653e-05
4.70776591906986e-05,2,2000,"c963f",5,8.00292481158117e-06,3.63118381727745e-05
0.000133475800344613,2,2000,"c963f",6,6.48945685211731e-05,0.000106098135726186
NaN,2,2000,"c963f",7,NaN,0
NaN,2,2000,"c963f",8,NaN,0
5.46798700099585e-05,2,2000,"c963f",1,0,1.91494163131617e-05
NaN,2,2000,"c963f",2,4.62000923075146e-06,1.51388234405062e-05
4.462263558401e-05,2,2000,"c963f",3,0,1.55971085661511e-05
3.64836449373934e-05,2,2000,"c963f",4,5.16193915758998e-05,4.43590794163629e-05
4.64722310941137e-05,2,2000,"c963f",5,8.60288522864393e-06,3.68658061412327e-05
0.000132856673692969,2,2000,"c963f",6,6.71977083601921e-05,0.000108742022586295
NaN,2,2000,"c963f",7,NaN,0
NaN,2,2000,"c963f",8,NaN,0
NaN,2,2000,"c963f",1,0,1.40696150936968e-05
NaN,2,2000,"c963f",2,1.21536561671899e-06,1.14542629451232e-05
NaN,2,2000,"c963f",3,0,2.25272792113263e-05
3.05789727028058e-05,2,2000,"c963f",4,5.51936393806152e-05,4.60207302803358e-05
3.60201178939536e-05,2,2000,"c963f",5,3.27115503969672e-06,3.77279729410258e-05
0.000106889701142789,2,2000,"c963f",6,3.29095663280513e-05,0.000103045853225016
NaN,2,2000,"c963f",7,NaN,0
NaN,2,2000,"c963f",8,NaN,0
NaN,2,2000,"c963f",1,0,2.46081110534013e-05
NaN,2,2000,"c963f",2,8.94741076773406e-06,2.21573429524166e-05
NaN,2,2000,"c963f",3,0,3.141373191949e-05
NaN,2,2000,"c963f",4,5.05789728042992e-05,4.70674681582965e-05
NaN,2,2000,"c963f",5,3.6058301887558e-05,4.18808259107528e-05
0.000141234612506907,2,2000,"c963f",6,6.27653611484917e-05,0.000106695542118181
NaN,2,2000,"c963f",7,NaN,0
NaN,2,2000,"c963f",8,NaN,0
NaN,2,2000,"c963f",1,0,1.57275537525411e-05
NaN,2,2000,"c963f",2,9.00198137392125e-06,1.27373833749265e-05
2.92947447231583e-05,2,2000,"c963f",3,0,1.64420601591292e-05
2.96857472918709e-05,2,2000,"c963f",4,5.10350781545067e-05,4.39950135516645e-05
4.3269111528453e-05,2,2000,"c963f",5,7.16704435873427e-06,3.59120443448128e-05
0.000105023095102565,2,2000,"c963f",6,3.0486798880046e-05,0.000103450206095112
NaN,2,2000,"c963f",7,NaN,0
NaN,2,2000,"c963f",8,NaN,0
NaN,2,2000,"c963f",1,0,3.97760136860844e-05
NaN,2,2000,"c963f",2,1.07498924315141e-05,1.1121559367134e-05
NaN,2,2000,"c963f",3,0,1.53754102126375e-05
NaN,2,2000,"c963f",4,4.64552032642603e-05,4.31522114809395e-05
3.42771625196409e-05,2,2000,"c963f",5,4.00821858404605e-06,3.49461144964296e-05
0.000123587994466465,2,2000,"c963f",6,5.86645574645812e-05,0.000109583419264717
NaN,2,2000,"c963f",7,NaN,0
NaN,2,2000,"c963f",8,NaN,0
0.000200269923924145,2,3000,"c963f",1,2.17652215276401e-05,6.12750936680697e-05
NaN,2,3000,"c963f",2,0,3.99762117432561e-05
2.88432702139608e-05,2,3000,"c963f",3,3.13665549411487e-05,4.56767447950248e-05
4.41319441468262e-05,2,3000,"c963f",4,1.12284800793008e-05,6.58305809602235e-05
8.53453533347942e-05,2,3000,"c963f",5,2.26735243625184e-05,9.55383101325336e-05
0.000264506633813926,2,3000,"c963f",6,0.000193510515019165,0.00020185425611846
NaN,2,3000,"c963f",7,NaN,NaN
NaN,2,3000,"c963f",8,NaN,NaN
0.000135159101187199,2,3000,"c963f",1,2.04600799447302e-05,6.86239781995245e-05
0.00010039607979325,2,3000,"c963f",2,0,5.56802113355974e-05
7.0006662529663e-05,2,3000,"c963f",3,3.47900428445898e-05,5.86962766638846e-05
9.73167143127478e-05,2,3000,"c963f",4,1.0789109723163e-05,8.59155892519216e-05
0.000114700685677972,2,3000,"c963f",5,2.32089818706909e-05,0.000118324024116594
0.000269327858615408,2,3000,"c963f",6,0.000180105259514825,0.000213680109298936
NaN,2,3000,"c963f",7,NaN,0
NaN,2,3000,"c963f",8,NaN,0
6.40713353059989e-05,2,3000,"c963f",1,2.18549229810737e-05,4.58080922612105e-05
8.66526061806751e-05,2,3000,"c963f",2,0,4.56457682101955e-05
3.09521479111955e-05,2,3000,"c963f",3,3.34371497502256e-05,4.28299030652663e-05
5.15509825541109e-05,2,3000,"c963f",4,7.82725822943899e-06,6.45286838443197e-05
9.65019116639299e-05,2,3000,"c963f",5,3.32855247243505e-05,9.41761656744425e-05
0.000283285715707977,2,3000,"c963f",6,0.000213291647640354,0.000204852712162247
NaN,2,3000,"c963f",7,NaN,0
NaN,2,3000,"c963f",8,NaN,0
2.22572075461235e-05,2,3000,"c963f",1,2.23460574949905e-05,4.04904942299545e-05
2.09213680172704e-05,2,3000,"c963f",2,0,3.30670083107647e-05
3.56920952287637e-05,2,3000,"c963f",3,3.60699086050182e-05,4.71062428177986e-05
6.96572617182315e-05,2,3000,"c963f",4,6.2544597338568e-06,7.88068379492511e-05
0.000133690094142651,2,3000,"c963f",5,6.44841647715332e-05,0.000116587307613333
0.000310940412615288,2,3000,"c963f",6,0.000247814946617748,0.000226270798501784
NaN,2,3000,"c963f",7,NaN,0
NaN,2,3000,"c963f",8,NaN,0
8.55163997323624e-05,2,3000,"c963f",1,2.36368134851575e-05,6.22482856766717e-05
9.88615212078265e-05,2,3000,"c963f",2,0,6.1755446394068e-05
2.28783373164939e-05,2,3000,"c963f",3,4.06843479501545e-05,4.79222132650077e-05
6.33048962919809e-05,2,3000,"c963f",4,3.09813605965312e-06,7.20180400242894e-05
0.000116701090803902,2,3000,"c963f",5,5.29411872283955e-05,0.00010832458107046
0.000251221694695872,2,3000,"c963f",6,0.000176574462095419,0.00020238326967426
NaN,2,3000,"c963f",7,NaN,0
NaN,2,3000,"c963f",8,NaN,0
0.000113468546604618,2,3000,"c963f",1,2.65754875684142e-05,3.60729023325031e-05
NaN,2,3000,"c963f",2,0,3.26757451724269e-05
8.62230474603274e-05,2,3000,"c963f",3,3.92272630555373e-05,4.96127443162623e-05
4.49131872789708e-05,2,3000,"c963f",4,1.93930949565472e-05,6.51204445275635e-05
8.35764693371474e-05,2,3000,"c963f",5,1.4026642577088e-05,9.30481241853866e-05
0.000274404693777592,2,3000,"c963f",6,0.000194552480212283,0.000199950931802396
NaN,2,3000,"c963f",7,NaN,0
NaN,2,3000,"c963f",8,NaN,0
NaN,2,3000,"c963f",1,2.67594706307382e-05,3.32392309210653e-05
NaN,2,3000,"c963f",2,0,2.78398453202992e-05
2.71645958751822e-05,2,3000,"c963f",3,3.60150747566065e-05,4.53988745796926e-05
3.17034322934423e-05,2,3000,"c963f",4,4.68521510207626e-05,7.03483247651937e-05
4.00787414308503e-05,2,3000,"c963f",5,3.73630247856566e-05,9.87636909113827e-05
0.000201813672525369,2,3000,"c963f",6,9.40037921684723e-05,0.000196215178615975
NaN,2,3000,"c963f",7,NaN,0
NaN,2,3000,"c963f",8,NaN,0
NaN,2,3000,"c963f",1,2.24982199349283e-05,3.48750764207791e-05
NaN,2,3000,"c963f",2,0,3.52101492295514e-05
1.93898405286642e-05,2,3000,"c963f",3,3.2685579976068e-05,4.42798681187142e-05
3.91493670321753e-05,2,3000,"c963f",4,1.81168887207771e-05,6.46409581333719e-05
7.62915994775875e-05,2,3000,"c963f",5,1.13608180063686e-05,9.17447553882416e-05
0.000269697701512789,2,3000,"c963f",6,0.000185525438032992,0.000201471861739152
NaN,2,3000,"c963f",7,NaN,0
NaN,2,3000,"c963f",8,NaN,0
NaN,2,3000,"c963f",1,1.76839688213712e-05,3.28216212589749e-05
NaN,2,3000,"c963f",2,0,2.75759270221721e-05
2.27656455495502e-05,2,3000,"c963f",3,3.29516375721766e-05,4.20646812239956e-05
5.22365913195765e-05,2,3000,"c963f",4,2.11743796756138e-06,6.79759228598389e-05
8.75662313940993e-05,2,3000,"c963f",5,2.39581808129312e-05,9.4999050024867e-05
0.000286629435382102,2,3000,"c963f",6,0.000213979198463504,0.000206194685033643
NaN,2,3000,"c963f",7,NaN,0
NaN,2,3000,"c963f",8,NaN,0
NaN,4,500,"c963f",1,0,3.28420534927612e-05
NaN,4,500,"c963f",2,0,3.44045596791465e-05
NaN,4,500,"c963f",3,0,2.62107905633691e-05
NaN,4,500,"c963f",4,0,4.16877359780161e-05
NaN,4,500,"c963f",5,0,2.68152855934582e-05
NaN,4,500,"c963f",6,0,4.21005287726445e-05
NaN,4,500,"c963f",7,NaN,NaN
NaN,4,500,"c963f",8,NaN,NaN
NaN,4,500,"c963f",1,0,3.7959355949654e-05
NaN,4,500,"c963f",2,0,2.17518433011521e-05
NaN,4,500,"c963f",3,0,2.97451128163839e-05
NaN,4,500,"c963f",4,0,3.02471575141372e-05
NaN,4,500,"c963f",5,0,3.1816667831453e-05
NaN,4,500,"c963f",6,0,3.02055075994655e-05
NaN,4,500,"c963f",7,NaN,0
NaN,4,500,"c963f",8,NaN,0
NaN,4,500,"c963f",1,0,2.44035090999554e-05
NaN,4,500,"c963f",2,0,2.32398980322988e-05
NaN,4,500,"c963f",3,0,2.17799897923501e-05
NaN,4,500,"c963f",4,0,1.87087554785115e-05
NaN,4,500,"c963f",5,0,2.26022982587931e-05
NaN,4,500,"c963f",6,0,2.07443327712322e-05
NaN,4,500,"c963f",7,NaN,0
NaN,4,500,"c963f",8,NaN,0
NaN,4,500,"c963f",1,0,2.11404417999806e-05
NaN,4,500,"c963f",2,0,1.83755900522952e-05
NaN,4,500,"c963f",3,0,2.48746393182234e-05
NaN,4,500,"c963f",4,0,2.05406525007557e-05
NaN,4,500,"c963f",5,0,1.96896566334175e-05
NaN,4,500,"c963f",6,0,1.2564857313351e-05
NaN,4,500,"c963f",7,NaN,0
NaN,4,500,"c963f",8,NaN,0
NaN,4,500,"c963f",1,0,4.18087431358031e-05
NaN,4,500,"c963f",2,0,4.47607259397272e-05
NaN,4,500,"c963f",3,0,3.79566898112836e-05
NaN,4,500,"c963f",4,0,2.98410083471427e-05
NaN,4,500,"c963f",5,0,2.7124006314741e-05
NaN,4,500,"c963f",6,0,2.63275471550091e-05
NaN,4,500,"c963f",7,NaN,0
NaN,4,500,"c963f",8,NaN,0
NaN,4,500,"c963f",1,0,4.76031832600846e-05
NaN,4,500,"c963f",2,0,3.66495294127374e-05
NaN,4,500,"c963f",3,0,3.70342125036387e-05
NaN,4,500,"c963f",4,0,3.11676618044662e-05
NaN,4,500,"c963f",5,0,4.00298300356048e-05
NaN,4,500,"c963f",6,0,3.2332625380332e-05
NaN,4,500,"c963f",7,NaN,0
NaN,4,500,"c963f",8,NaN,0
NaN,4,500,"c963f",1,0,3.91799835493933e-05
NaN,4,500,"c963f",2,0,2.15869637010547e-05
NaN,4,500,"c963f",3,0,2.36386435936614e-05
NaN,4,500,"c963f",4,0,2.24123238295359e-05
NaN,4,500,"c963f",5,0,1.41133005606501e-05
NaN,4,500,"c963f",6,0,1.77052932470802e-05
NaN,4,500,"c963f",7,NaN,0
NaN,4,500,"c963f",8,NaN,0
NaN,4,500,"c963f",1,0,1.62417768685397e-05
NaN,4,500,"c963f",2,0,1.52097478223705e-05
NaN,4,500,"c963f",3,0,1.4108901692085e-05
NaN,4,500,"c963f",4,0,8.82358643832719e-06
NaN,4,500,"c963f",5,0,2.88824111524181e-05
0.000138613822506137,4,500,"c963f",6,0,6.48541591958854e-05
NaN,4,500,"c963f",7,NaN,0
NaN,4,500,"c963f",8,NaN,0
NaN,4,500,"c963f",1,0,8.3707799837868e-06
NaN,4,500,"c963f",2,0,1.01843099125518e-05
NaN,4,500,"c963f",3,0,2.54509767680811e-05
NaN,4,500,"c963f",4,0,2.31567413748498e-05
NaN,4,500,"c963f",5,0,3.97575972158875e-05
NaN,4,500,"c963f",6,0,1.25868992131462e-05
NaN,4,500,"c963f",7,NaN,0
NaN,4,500,"c963f",8,NaN,0
NaN,4,500,"c963f",1,0,2.41138416467082e-05
NaN,4,500,"c963f",2,0,3.94137153190582e-05
NaN,4,500,"c963f",3,0,3.0256509971557e-05
NaN,4,500,"c963f",4,0,9.5169616525357e-06
NaN,4,500,"c963f",5,0,1.27248292130274e-05
4.55889040672582e-05,4,500,"c963f",6,0,1.41566010368299e-05
NaN,4,500,"c963f",7,NaN,0
NaN,4,500,"c963f",8,NaN,0
NaN,4,500,"c963f",1,0,2.00118186629926e-05
NaN,4,500,"c963f",2,0,1.72971543970745e-05
NaN,4,500,"c963f",3,0,1.79623171034766e-05
NaN,4,500,"c963f",4,0,2.79723223354032e-05
NaN,4,500,"c963f",5,0,5.54875611657538e-05
NaN,4,500,"c963f",6,0,5.43403632743198e-05
NaN,4,500,"c963f",7,NaN,0
NaN,4,500,"c963f",8,NaN,0
NaN,4,1000,"c963f",1,0,2.49101738034481e-05
NaN,4,1000,"c963f",2,0,1.30649961439616e-05
NaN,4,1000,"c963f",3,0,2.09154902582078e-05
NaN,4,1000,"c963f",4,1.48524744284884e-05,2.17134663430852e-05
NaN,4,1000,"c963f",5,1.58930105508844e-05,3.45847709042042e-05
3.22133834084352e-05,4,1000,"c963f",6,3.14779475074855e-05,6.23093718914347e-05
NaN,4,1000,"c963f",7,NaN,NaN
NaN,4,1000,"c963f",8,NaN,NaN
NaN,4,1000,"c963f",1,0,4.75442101998521e-05
NaN,4,1000,"c963f",2,0,4.56220755279843e-05
0.000138446938153447,4,1000,"c963f",3,0,4.78330143340657e-05
NaN,4,1000,"c963f",4,1.33740363904597e-05,6.78742855864497e-05
0.000112050699376681,4,1000,"c963f",5,1.04484308463743e-05,5.27276000744472e-05
8.54200419012854e-05,4,1000,"c963f",6,3.34021499765113e-05,6.77244959534058e-05
NaN,4,1000,"c963f",7,NaN,0
NaN,4,1000,"c963f",8,NaN,0
NaN,4,1000,"c963f",1,0,2.64268095572175e-05
NaN,4,1000,"c963f",2,0,3.47775036257939e-05
NaN,4,1000,"c963f",3,0,1.68590467908331e-05
1.69375424466644e-05,4,1000,"c963f",4,1.62421209898768e-05,2.16196210342588e-05
NaN,4,1000,"c963f",5,1.59285643509653e-05,3.20100531340514e-05
2.40588744565157e-05,4,1000,"c963f",6,3.61492659662285e-05,6.46287270795248e-05
NaN,4,1000,"c963f",7,NaN,0
NaN,4,1000,"c963f",8,NaN,0
NaN,4,1000,"c963f",1,0,1.37324985273417e-05
NaN,4,1000,"c963f",2,0,1.78634042443117e-05
NaN,4,1000,"c963f",3,0,3.59362267846374e-05
NaN,4,1000,"c963f",4,1.48997296558372e-05,3.09517459786372e-05
1.78274229400575e-05,4,1000,"c963f",5,1.62587608144424e-05,3.0488596278247e-05
2.85587850153932e-05,4,1000,"c963f",6,3.48348247626164e-05,6.25619025997423e-05
NaN,4,1000,"c963f",7,NaN,0
NaN,4,1000,"c963f",8,NaN,0
NaN,4,1000,"c963f",1,0,2.92620195522038e-05
NaN,4,1000,"c963f",2,0,2.14406066292001e-05
NaN,4,1000,"c963f",3,0,2.86791255497579e-05
NaN,4,1000,"c963f",4,2.22011984647037e-05,2.53708118413558e-05
NaN,4,1000,"c963f",5,1.87629767420234e-05,3.28572706035108e-05
2.11002479476341e-05,4,1000,"c963f",6,4.15372516864395e-05,6.61173438901622e-05
NaN,4,1000,"c963f",7,NaN,0
NaN,4,1000,"c963f",8,NaN,0
NaN,4,1000,"c963f",1,0,3.21248558259851e-05
NaN,4,1000,"c963f",2,0,2.53730469421221e-05
4.78489721657683e-05,4,1000,"c963f",3,0,1.66286434331809e-05
NaN,4,1000,"c963f",4,1.74398287835502e-05,2.11940675662543e-05
NaN,4,1000,"c963f",5,1.53803194497509e-05,3.0251209980615e-05
NaN,4,1000,"c963f",6,3.60768878352275e-05,6.21650042144332e-05
NaN,4,1000,"c963f",7,NaN,0
NaN,4,1000,"c963f",8,NaN,0
NaN,4,1000,"c963f",1,0,1.37324320486234e-05
NaN,4,1000,"c963f",2,0,2.74691821799132e-05
NaN,4,1000,"c963f",3,0,2.31761430135788e-05
NaN,4,1000,"c963f",4,1.56199017019089e-05,3.67052914652013e-05
NaN,4,1000,"c963f",5,1.08374015018736e-05,3.73899252209925e-05
4.85741312124451e-05,4,1000,"c963f",6,2.75341922098187e-05,6.43955531838382e-05
NaN,4,1000,"c963f",7,NaN,0
NaN,4,1000,"c963f",8,NaN,0
NaN,4,1000,"c963f",1,0,1.49029947778074e-05
NaN,4,1000,"c963f",2,0,1.98319545605772e-05
NaN,4,1000,"c963f",3,0,1.83601831278743e-05
NaN,4,1000,"c963f",4,1.82708421266056e-05,2.31234572196638e-05
NaN,4,1000,"c963f",5,1.64755648904329e-05,3.36333333348109e-05
NaN,4,1000,"c963f",6,3.40028795874671e-05,6.659602097306e-05
NaN,4,1000,"c963f",7,NaN,0
NaN,4,1000,"c963f",8,NaN,0
7.38462237078006e-05,4,1000,"c963f",1,0,5.88084164326219e-05
NaN,4,1000,"c963f",2,0,5.40664196133575e-05
NaN,4,1000,"c963f",3,0,3.56582265360773e-05
NaN,4,1000,"c963f",4,1.71408453450768e-05,2.47271746546317e-05
NaN,4,1000,"c963f",5,1.76287447632316e-05,3.32496424525023e-05
4.68339252831333e-05,4,1000,"c963f",6,3.77069228024854e-05,6.37472519289277e-05
NaN,4,1000,"c963f",7,NaN,0
NaN,4,1000,"c963f",8,NaN,0
NaN,4,1000,"c963f",1,0,6.26991114539108e-05
NaN,4,1000,"c963f",2,0,6.16339064370842e-05
NaN,4,1000,"c963f",3,0,7.81981513577231e-05
9.30900584369481e-05,4,1000,"c963f",4,1.60520695954845e-05,5.29847952852929e-05
NaN,4,1000,"c963f",5,1.51764252150752e-05,5.05489923393915e-05
0.000123553677514095,4,1000,"c963f",6,3.21541022672653e-05,0.00010508330972783
NaN,4,1000,"c963f",7,NaN,0
NaN,4,1000,"c963f",8,NaN,0
NaN,4,2000,"c963f",1,0,1.64150066947616e-05
NaN,4,2000,"c963f",2,0,2.01200411712141e-05
NaN,4,2000,"c963f",3,5.60105039209699e-06,4.02478526825865e-05
NaN,4,2000,"c963f",4,1.40774231458806e-09,5.02727788722488e-05
NaN,4,2000,"c963f",5,1.03713037017141e-05,6.15055563720075e-05
NaN,4,2000,"c963f",6,9.43640403548629e-05,5.99402316506217e-05
NaN,4,2000,"c963f",7,NaN,NaN
NaN,4,2000,"c963f",8,NaN,NaN
NaN,4,2000,"c963f",1,0,1.51334859641569e-05
NaN,4,2000,"c963f",2,0,2.28235800159157e-05
NaN,4,2000,"c963f",3,4.92067518817846e-07,2.44424333247154e-05
NaN,4,2000,"c963f",4,5.75143402065513e-07,2.46646551264895e-05
NaN,4,2000,"c963f",5,2.7220988135702e-05,1.98116428971473e-05
NaN,4,2000,"c963f",6,0.00010376962492984,5.91657246313505e-05
NaN,4,2000,"c963f",7,NaN,0
NaN,4,2000,"c963f",8,NaN,0
NaN,4,2000,"c963f",1,0,1.22444003927724e-05
NaN,4,2000,"c963f",2,0,1.12693764054647e-05
NaN,4,2000,"c963f",3,3.56706952208618e-06,2.26813255635724e-05
NaN,4,2000,"c963f",4,1.25921604623416e-06,3.31131385406318e-05
NaN,4,2000,"c963f",5,2.97421539829272e-05,2.42953025034774e-05
NaN,4,2000,"c963f",6,0.000112168422738347,6.49793791800648e-05
NaN,4,2000,"c963f",7,NaN,0
NaN,4,2000,"c963f",8,NaN,0
NaN,4,2000,"c963f",1,0,1.22248236313504e-05
NaN,4,2000,"c963f",2,0,2.02181969658355e-05
8.77600186639367e-05,4,2000,"c963f",3,4.64362516176983e-06,4.4513548937636e-05
NaN,4,2000,"c963f",4,1.47163842189555e-07,5.07666006183053e-05
NaN,4,2000,"c963f",5,2.72269696335634e-05,4.15847079246565e-05
NaN,4,2000,"c963f",6,0.000114315706703319,5.52941118221889e-05
NaN,4,2000,"c963f",7,NaN,0
NaN,4,2000,"c963f",8,NaN,0
NaN,4,2000,"c963f",1,0,9.76743596667313e-06
NaN,4,2000,"c963f",2,0,8.75429774009702e-06
NaN,4,2000,"c963f",3,3.74819006226254e-06,1.89062440398313e-05
NaN,4,2000,"c963f",4,2.58605794970457e-06,1.17440262560261e-05
NaN,4,2000,"c963f",5,2.03836914022038e-05,2.45379634153738e-05
NaN,4,2000,"c963f",6,0.000102829151403128,6.31897654638175e-05
NaN,4,2000,"c963f",7,NaN,0
NaN,4,2000,"c963f",8,NaN,0
NaN,4,2000,"c963f",1,0,1.19252251055476e-05
NaN,4,2000,"c963f",2,0,1.66706172785745e-05
NaN,4,2000,"c963f",3,7.52739916094566e-06,1.00352984398219e-05
NaN,4,2000,"c963f",4,3.29232136828867e-06,1.58655754829237e-05
NaN,4,2000,"c963f",5,1.68716836201112e-05,1.90169552766682e-05
NaN,4,2000,"c963f",6,0.000109924422612583,8.48645270155789e-05
NaN,4,2000,"c963f",7,NaN,0
NaN,4,2000,"c963f",8,NaN,0
NaN,4,2000,"c963f",1,0,5.68518548523464e-06
NaN,4,2000,"c963f",2,0,6.91441237762359e-06
NaN,4,2000,"c963f",3,2.23081687013684e-06,6.32926341647035e-06
NaN,4,2000,"c963f",4,6.40979619362474e-07,1.63815786127187e-05
NaN,4,2000,"c963f",5,2.81208136327976e-05,2.36892920487465e-05
NaN,4,2000,"c963f",6,0.000137516148786159,8.00480119462909e-05
NaN,4,2000,"c963f",7,NaN,0
NaN,4,2000,"c963f",8,NaN,0
NaN,4,2000,"c963f",1,0,1.03541368415633e-05
NaN,4,2000,"c963f",2,0,1.24096946102297e-05
NaN,4,2000,"c963f",3,1.39333749286752e-06,1.23564201548975e-05
NaN,4,2000,"c963f",4,3.86768833372799e-06,1.61657082041482e-05
NaN,4,2000,"c963f",5,4.27088221285165e-05,3.56150792029848e-05
NaN,4,2000,"c963f",6,0.000115682149670287,7.81533791665721e-05
NaN,4,2000,"c963f",7,NaN,0
NaN,4,2000,"c963f",8,NaN,0
NaN,4,2000,"c963f",1,0,1.13154447540298e-05
NaN,4,2000,"c963f",2,0,1.4976940476328e-05
NaN,4,2000,"c963f",3,1.14807276968073e-06,7.46365910704438e-06
NaN,4,2000,"c963f",4,5.58344276208871e-06,2.51254370118101e-05
NaN,4,2000,"c963f",5,3.89510917880851e-05,2.46123114438543e-05
NaN,4,2000,"c963f",6,0.000139623130413991,7.37713242446516e-05
NaN,4,2000,"c963f",7,NaN,0
NaN,4,2000,"c963f",8,NaN,0
NaN,4,2000,"c963f",1,0,1.35243289956846e-05
NaN,4,2000,"c963f",2,0,9.21597782865793e-06
NaN,4,2000,"c963f",3,1.85276309847508e-06,8.56926777418351e-06
NaN,4,2000,"c963f",4,3.92746885208851e-06,1.65864584350059e-05
NaN,4,2000,"c963f",5,4.29457090516186e-05,2.41298443797321e-05
NaN,4,2000,"c963f",6,0.000108823860891698,5.68264149464767e-05
NaN,4,2000,"c963f",7,NaN,0
NaN,4,2000,"c963f",8,NaN,0
2.36269214165908e-05,4,3000,"c963f",1,8.05694580766879e-07,3.20352226208332e-05
3.84184103262424e-05,4,3000,"c963f",2,7.55385265709257e-06,3.33637346495612e-05
2.45968849407017e-05,4,3000,"c963f",3,8.20743433465773e-06,4.31775502932534e-05
5.5249858037436e-05,4,3000,"c963f",4,6.08712106959761e-06,6.32157320556654e-05
9.88805159582668e-05,4,3000,"c963f",5,6.23398513645883e-05,9.65348828339106e-05
0.000294151039664651,4,3000,"c963f",6,0.00023670590437204,0.000209520373965692
NaN,4,3000,"c963f",7,NaN,NaN
NaN,4,3000,"c963f",8,NaN,NaN
5.24070039586978e-05,4,3000,"c963f",1,2.90572950974477e-05,3.73839353400476e-05
3.51046436731267e-05,4,3000,"c963f",2,1.95563759189919e-05,3.33858266262163e-05
3.56700555126255e-05,4,3000,"c963f",3,2.18907944210121e-06,4.08945184831389e-05
6.80370436713238e-05,4,3000,"c963f",4,1.91206237023903e-05,6.18091259214985e-05
0.000126835075976852,4,3000,"c963f",5,9.25817384705971e-05,0.000100279148585189
0.00031272349917532,4,3000,"c963f",6,0.000246162959576872,0.000210569457193748
NaN,4,3000,"c963f",7,NaN,0
NaN,4,3000,"c963f",8,NaN,0
9.99798492445489e-05,4,3000,"c963f",1,7.17452322531542e-06,3.71185459989258e-05
0.000122112059235309,4,3000,"c963f",2,6.22076920801657e-06,3.9073535241532e-05
4.66551617940312e-05,4,3000,"c963f",3,3.78705803274974e-06,4.9136132644436e-05
5.76634854454245e-05,4,3000,"c963f",4,4.9185508712626e-06,6.47108721401284e-05
0.000125072827446734,4,3000,"c963f",5,8.55315427006208e-05,9.63844725672471e-05
0.000329958252564113,4,3000,"c963f",6,0.000267104945811475,0.000220999267015861
NaN,4,3000,"c963f",7,NaN,0
NaN,4,3000,"c963f",8,NaN,0
1.88339264851538e-05,4,3000,"c963f",1,3.27425999800259e-06,3.69284850509334e-05
2.4741264724331e-05,4,3000,"c963f",2,1.04285832631776e-05,3.33853326433992e-05
5.09126416092161e-05,4,3000,"c963f",3,2.5204103046125e-05,4.27397252134773e-05
7.60268578951917e-05,4,3000,"c963f",4,3.53183800843356e-05,6.99627206723245e-05
0.000154041159881271,4,3000,"c963f",5,0.000128515242703098,0.000113634319061008
0.00037519949769648,4,3000,"c963f",6,0.000325264744515831,0.00023342425467622
NaN,4,3000,"c963f",7,NaN,0
NaN,4,3000,"c963f",8,NaN,0
7.01978281226665e-05,4,3000,"c963f",1,1.32377029575714e-05,4.51422329004163e-05
4.06981195694278e-05,4,3000,"c963f",2,8.50945734837036e-06,3.60923873320779e-05
4.6824657097797e-05,4,3000,"c963f",3,1.66561502736642e-06,4.84991648001002e-05
5.67709654591682e-05,4,3000,"c963f",4,3.09590272213432e-06,6.27032292808921e-05
0.000114306275528765,4,3000,"c963f",5,6.77279397134755e-05,9.32022742025483e-05
0.000320787555163066,4,3000,"c963f",6,0.000251964283870942,0.000209814365163915
NaN,4,3000,"c963f",7,NaN,0
NaN,4,3000,"c963f",8,NaN,0
1.07525413824443e-05,4,3000,"c963f",1,1.46368296810331e-05,2.76093624567884e-05
NaN,4,3000,"c963f",2,9.82353896665233e-06,2.67681395181543e-05
1.94811806223828e-05,4,3000,"c963f",3,1.61622620406063e-05,4.11861191898709e-05
5.59633165853859e-05,4,3000,"c963f",4,5.03964046097592e-06,6.43575858435403e-05
0.000113378778695597,4,3000,"c963f",5,7.37180731931789e-05,9.27456841424916e-05
0.000316331409601221,4,3000,"c963f",6,0.000250176613892844,0.000210201570439918
NaN,4,3000,"c963f",7,NaN,0
NaN,4,3000,"c963f",8,NaN,0
5.63621144430401e-05,4,3000,"c963f",1,9.72145694975349e-06,3.1144029834124e-05
3.13325873496199e-05,4,3000,"c963f",2,2.37323780331676e-07,3.18051916447767e-05
2.92810340250767e-05,4,3000,"c963f",3,1.09986419598323e-05,4.48459037930619e-05
3.84977350007441e-05,4,3000,"c963f",4,1.51271007204298e-05,6.39135590015069e-05
8.82313225121045e-05,4,3000,"c963f",5,3.9549127760299e-05,9.20155329127802e-05
0.000286216020490685,4,3000,"c963f",6,0.000207002726042985,0.000201686472009501
NaN,4,3000,"c963f",7,NaN,0
NaN,4,3000,"c963f",8,NaN,0
NaN,4,3000,"c963f",1,3.03463111312274e-06,3.33788636255367e-05
NaN,4,3000,"c963f",2,5.85578798814702e-06,3.34136200007937e-05
NaN,4,3000,"c963f",3,1.64148627502778e-05,4.61396731965628e-05
NaN,4,3000,"c963f",4,1.70407193671936e-05,6.792247624379e-05
8.80200705654485e-05,4,3000,"c963f",5,2.56369877532329e-05,9.8580028558791e-05
0.000256240443814668,4,3000,"c963f",6,0.000136658577304907,0.000206753156572331
NaN,4,3000,"c963f",7,NaN,0
NaN,4,3000,"c963f",8,NaN,0
NaN,4,3000,"c963f",1,1.91175582594863e-05,4.31077102282303e-05
NaN,4,3000,"c963f",2,1.37360833480586e-05,4.60824538316312e-05
7.33386624400233e-05,4,3000,"c963f",3,1.05393341895176e-05,5.93615266403049e-05
0.000153362537530811,4,3000,"c963f",4,1.66230285986356e-05,9.59782898898718e-05
0.000180154378675507,4,3000,"c963f",5,3.93930225939813e-05,0.000123783944879903
0.000287702904342991,4,3000,"c963f",6,0.000208458315957899,0.000199521904765624
NaN,4,3000,"c963f",7,NaN,0
NaN,4,3000,"c963f",8,NaN,0
3.51592331369313e-05,4,3000,"c963f",1,1.85781462112936e-05,2.91705053988633e-05
2.31854000340018e-05,4,3000,"c963f",2,9.45467478267584e-06,2.62577422050911e-05
2.78375178559047e-05,4,3000,"c963f",3,3.60758095380834e-06,4.34621081719551e-05
5.43053752334714e-05,4,3000,"c963f",4,8.64729842227785e-07,6.14113577772243e-05
8.89015882982401e-05,4,3000,"c963f",5,4.10013514161383e-05,9.20958300498758e-05
0.000277078364130524,4,3000,"c963f",6,0.000198591543378128,0.000201042011788176
NaN,4,3000,"c963f",7,NaN,0
NaN,4,3000,"c963f",8,NaN,0
NaN,6,500,"c963f",1,0,1.76955743607651e-05
NaN,6,500,"c963f",2,0,1.29415543249331e-05
NaN,6,500,"c963f",3,0,3.06646731377534e-05
NaN,6,500,"c963f",4,0,2.76513775848056e-05
NaN,6,500,"c963f",5,0,4.16760597770022e-05
5.3445454313844e-05,6,500,"c963f",6,1.33490397661535e-05,4.30898786789729e-05
NaN,6,500,"c963f",7,NaN,NaN
NaN,6,500,"c963f",8,NaN,NaN
3.60021996590773e-05,6,500,"c963f",1,0,1.37491104247545e-05
2.45834153386239e-05,6,500,"c963f",2,0,1.16462639641439e-05
5.90481788231104e-05,6,500,"c963f",3,0,2.63794009736122e-05
NaN,6,500,"c963f",4,0,1.85341791300637e-05
NaN,6,500,"c963f",5,0,2.16473488503801e-05
NaN,6,500,"c963f",6,1.5400866099715e-05,2.92082325961617e-05
NaN,6,500,"c963f",7,NaN,0
NaN,6,500,"c963f",8,NaN,0
NaN,6,500,"c963f",1,0,1.93156257798783e-05
NaN,6,500,"c963f",2,0,1.76278574635889e-05
NaN,6,500,"c963f",3,0,3.57910640527619e-05
NaN,6,500,"c963f",4,0,3.21929614695313e-05
NaN,6,500,"c963f",5,0,4.66784846468992e-05
0.000126367662457256,6,500,"c963f",6,1.72032197208354e-05,5.8321494653896e-05
NaN,6,500,"c963f",7,NaN,0
NaN,6,500,"c963f",8,NaN,0
NaN,6,500,"c963f",1,0,2.05109567066982e-05
NaN,6,500,"c963f",2,0,2.09086407913221e-05
NaN,6,500,"c963f",3,0,2.01499594867076e-05
NaN,6,500,"c963f",4,0,1.98343078912149e-05
NaN,6,500,"c963f",5,0,2.96054788642204e-05
NaN,6,500,"c963f",6,1.94443895525469e-05,3.28710387324381e-05
NaN,6,500,"c963f",7,NaN,0
NaN,6,500,"c963f",8,NaN,0
NaN,6,500,"c963f",1,0,1.95522282835187e-05
NaN,6,500,"c963f",2,0,2.63221669337302e-05
NaN,6,500,"c963f",3,0,1.88242861643793e-05
4.66692124645639e-05,6,500,"c963f",4,0,1.87432060831121e-05
NaN,6,500,"c963f",5,0,2.78143766641333e-05
NaN,6,500,"c963f",6,1.35413729870258e-05,3.88362613257083e-05
NaN,6,500,"c963f",7,NaN,0
NaN,6,500,"c963f",8,NaN,0
NaN,6,500,"c963f",1,0,1.07108686910672e-05
NaN,6,500,"c963f",2,0,2.1451797006404e-05
NaN,6,500,"c963f",3,0,5.01842382903931e-05
6.7322551177305e-05,6,500,"c963f",4,0,4.03091080365038e-05
NaN,6,500,"c963f",5,0,4.05777158006037e-05
NaN,6,500,"c963f",6,1.0784249584408e-05,6.59568529409462e-05
NaN,6,500,"c963f",7,NaN,0
NaN,6,500,"c963f",8,NaN,0
NaN,6,500,"c963f",1,0,4.79918308478467e-05
NaN,6,500,"c963f",2,0,5.54691211542342e-05
NaN,6,500,"c963f",3,0,1.98658053259848e-05
NaN,6,500,"c963f",4,0,1.44161163785466e-05
NaN,6,500,"c963f",5,0,2.44386684036776e-05
NaN,6,500,"c963f",6,1.89439578687106e-05,2.80385464447924e-05
NaN,6,500,"c963f",7,NaN,0
NaN,6,500,"c963f",8,NaN,0
NaN,6,500,"c963f",1,0,1.08727113719125e-05
NaN,6,500,"c963f",2,0,1.45101672383841e-05
1.78408660087656e-05,6,500,"c963f",3,0,2.37853267379634e-05
1.66316800889773e-05,6,500,"c963f",4,0,1.96520320219691e-05
NaN,6,500,"c963f",5,0,2.27056857329297e-05
NaN,6,500,"c963f",6,1.17244256196142e-05,4.07939387450121e-05
NaN,6,500,"c963f",7,NaN,0
NaN,6,500,"c963f",8,NaN,0
NaN,6,500,"c963f",1,0,1.96515640350449e-05
NaN,6,500,"c963f",2,0,2.82066151707289e-05
NaN,6,500,"c963f",3,0,3.99286289995526e-05
NaN,6,500,"c963f",4,0,1.47801441385078e-05
NaN,6,500,"c963f",5,0,2.07539120387048e-05
NaN,6,500,"c963f",6,2.12690968614496e-05,4.15168177382045e-05
NaN,6,500,"c963f",7,NaN,0
NaN,6,500,"c963f",8,NaN,0
NaN,6,500,"c963f",1,0,1.53125468886974e-05
NaN,6,500,"c963f",2,0,1.99597966278644e-05
NaN,6,500,"c963f",3,0,2.32032314428707e-05
NaN,6,500,"c963f",4,0,1.85730979353602e-05
NaN,6,500,"c963f",5,0,2.24627733148017e-05
NaN,6,500,"c963f",6,1.26255265017247e-05,3.00990480602398e-05
NaN,6,500,"c963f",7,NaN,0
NaN,6,500,"c963f",8,NaN,0
NaN,6,500,"c963f",1,0,1.28199261680747e-05
NaN,6,500,"c963f",2,0,1.73402296137385e-05
NaN,6,500,"c963f",3,0,3.24186223071001e-05
NaN,6,500,"c963f",4,0,2.34260289826343e-05
NaN,6,500,"c963f",5,0,2.18049505081837e-05
4.42932599038412e-05,6,500,"c963f",6,3.57415912067814e-06,2.51323662108089e-05
NaN,6,500,"c963f",7,NaN,0
NaN,6,500,"c963f",8,NaN,0
NaN,6,1000,"c963f",1,0,4.92145695505431e-05
NaN,6,1000,"c963f",2,0,4.64662418843665e-05
NaN,6,1000,"c963f",3,0,2.59888239448954e-05
1.41444456948824e-05,6,1000,"c963f",4,7.05563277158924e-06,2.55725843150517e-05
3.65313856734184e-05,6,1000,"c963f",5,1.30207297858837e-05,4.66598482920533e-05
0.000107605897901407,6,1000,"c963f",6,3.84493263200578e-05,8.98146383152903e-05
NaN,6,1000,"c963f",7,NaN,NaN
NaN,6,1000,"c963f",8,NaN,NaN
NaN,6,1000,"c963f",1,0,4.92379310332997e-05
NaN,6,1000,"c963f",2,0,2.62165179305196e-05
5.40520109750279e-05,6,1000,"c963f",3,0,2.42118061016285e-05
1.55356579363646e-05,6,1000,"c963f",4,1.4087400059638e-05,2.18280963848039e-05
NaN,6,1000,"c963f",5,1.44485733697422e-05,3.37111602655502e-05
3.88906782594577e-05,6,1000,"c963f",6,3.00511782556776e-05,6.32359917075778e-05
NaN,6,1000,"c963f",7,NaN,0
NaN,6,1000,"c963f",8,NaN,0
NaN,6,1000,"c963f",1,0,1.57690279070141e-05
NaN,6,1000,"c963f",2,0,1.75037973711095e-05
1.47066894208105e-05,6,1000,"c963f",3,0,1.50796252956118e-05
1.18178660729529e-05,6,1000,"c963f",4,1.3308097862679e-05,2.46081768511814e-05
5.33546205785711e-05,6,1000,"c963f",5,1.03689789548865e-05,3.1189441920048e-05
6.10246119956129e-05,6,1000,"c963f",6,3.09456624614933e-05,6.10197239000563e-05
NaN,6,1000,"c963f",7,NaN,0
NaN,6,1000,"c963f",8,NaN,0
NaN,6,1000,"c963f",1,0,9.25544862854892e-05
NaN,6,1000,"c963f",2,0,0.000124355643669827
NaN,6,1000,"c963f",3,0,2.64842591564775e-05
NaN,6,1000,"c963f",4,1.34777933804244e-05,2.77112523496578e-05
NaN,6,1000,"c963f",5,1.50416773950144e-05,3.75465227249602e-05
2.46165439302813e-05,6,1000,"c963f",6,3.18957174403295e-05,6.17510656277294e-05
NaN,6,1000,"c963f",7,NaN,0
NaN,6,1000,"c963f",8,NaN,0
2.65798814599681e-05,6,1000,"c963f",1,0,1.11561330532304e-05
7.23024728780209e-05,6,1000,"c963f",2,0,1.1629502175442e-05
NaN,6,1000,"c963f",3,0,2.37131750598798e-05
NaN,6,1000,"c963f",4,1.423319568655e-05,2.05961338745862e-05
1.94540722349802e-05,6,1000,"c963f",5,1.4940048521014e-05,3.10765816171856e-05
NaN,6,1000,"c963f",6,3.38702790387572e-05,6.03882433628144e-05
NaN,6,1000,"c963f",7,NaN,0
NaN,6,1000,"c963f",8,NaN,0
1.00492991055927e-05,6,1000,"c963f",1,0,1.22114301071766e-05
3.87094391548925e-05,6,1000,"c963f",2,0,2.66289982001431e-05
6.14687094356077e-05,6,1000,"c963f",3,0,4.65477348603541e-05
6.18943509357119e-05,6,1000,"c963f",4,7.10708269867936e-06,4.42386437773563e-05
NaN,6,1000,"c963f",5,9.44273118441586e-06,3.64321721641875e-05
6.18725635318003e-05,6,1000,"c963f",6,2.56454581316871e-05,6.28329519795901e-05
NaN,6,1000,"c963f",7,NaN,0
NaN,6,1000,"c963f",8,NaN,0
NaN,6,1000,"c963f",1,0,3.48618113765448e-05
NaN,6,1000,"c963f",2,0,3.41380362538367e-05
1.23632077406881e-05,6,1000,"c963f",3,0,2.94789014832079e-05
NaN,6,1000,"c963f",4,1.12324641966742e-05,3.56849233257663e-05
NaN,6,1000,"c963f",5,1.47900049249916e-05,5.83750727039158e-05
9.25896522357632e-05,6,1000,"c963f",6,3.51473841317696e-05,7.78088533268448e-05
NaN,6,1000,"c963f",7,NaN,0
NaN,6,1000,"c963f",8,NaN,0
NaN,6,1000,"c963f",1,0,1.60429685626629e-05
NaN,6,1000,"c963f",2,0,1.5414279872856e-05
NaN,6,1000,"c963f",3,0,2.580984835919e-05
1.38904592630672e-05,6,1000,"c963f",4,1.62228615301787e-05,2.14846197012548e-05
NaN,6,1000,"c963f",5,1.38421836026969e-05,4.06670916177893e-05
3.46728110756325e-05,6,1000,"c963f",6,2.94285163030823e-05,6.74939901364739e-05
NaN,6,1000,"c963f",7,NaN,0
NaN,6,1000,"c963f",8,NaN,0
NaN,6,1000,"c963f",1,0,2.92174430707665e-05
NaN,6,1000,"c963f",2,0,2.24847733648769e-05
NaN,6,1000,"c963f",3,0,1.67332351575459e-05
NaN,6,1000,"c963f",4,1.65777899850704e-05,2.07352889585114e-05
NaN,6,1000,"c963f",5,1.51628842285388e-05,4.08530530954794e-05
6.54372103543645e-05,6,1000,"c963f",6,2.90390386413758e-05,7.46044480395748e-05
NaN,6,1000,"c963f",7,NaN,0
NaN,6,1000,"c963f",8,NaN,0
NaN,6,1000,"c963f",1,0,1.59144711264138e-05
NaN,6,1000,"c963f",2,0,1.926865464721e-05
NaN,6,1000,"c963f",3,0,2.03215762260738e-05
1.61805655977028e-05,6,1000,"c963f",4,7.843122649317e-06,2.22572810365149e-05
4.21990963097381e-05,6,1000,"c963f",5,1.16668922634766e-05,3.04538935119118e-05
4.81615034516421e-05,6,1000,"c963f",6,2.63087652266829e-05,6.52156486060959e-05
NaN,6,1000,"c963f",7,NaN,0
NaN,6,1000,"c963f",8,NaN,0
NaN,6,2000,"c963f",1,1.4323645924116e-05,1.92763826462248e-05
NaN,6,2000,"c963f",2,1.27924088398311e-05,2.85869196322856e-05
NaN,6,2000,"c963f",3,0,2.92842913442261e-05
NaN,6,2000,"c963f",4,3.12763911601003e-05,3.92024095598214e-05
5.60860178273474e-05,6,2000,"c963f",5,2.57973306183447e-05,3.21905480258297e-05
0.00011938156394001,6,2000,"c963f",6,6.13491187667792e-05,0.000100206488935736
NaN,6,2000,"c963f",7,NaN,NaN
NaN,6,2000,"c963f",8,NaN,NaN
3.29394835398612e-05,6,2000,"c963f",1,3.91310952086088e-06,1.05023160566055e-05
NaN,6,2000,"c963f",2,8.90135187030847e-06,1.27127174001347e-05
NaN,6,2000,"c963f",3,0,1.24362828939965e-05
NaN,6,2000,"c963f",4,3.36454139944428e-05,3.79805986025901e-05
NaN,6,2000,"c963f",5,1.67014518957119e-05,3.21688860102195e-05
0.000125876345099401,6,2000,"c963f",6,6.23595062675924e-05,9.53156770200064e-05
NaN,6,2000,"c963f",7,NaN,0
NaN,6,2000,"c963f",8,NaN,0
9.33323436768922e-05,6,2000,"c963f",1,4.22800542171515e-05,5.21342244041638e-05
NaN,6,2000,"c963f",2,1.03881310731895e-05,2.95717454120957e-05
5.80653794535149e-05,6,2000,"c963f",3,0,2.35531213633415e-05
5.61065920651439e-05,6,2000,"c963f",4,2.92242325988864e-05,5.21987203671317e-05
6.92139467093329e-05,6,2000,"c963f",5,4.05156502885352e-05,4.66147923150229e-05
0.000146532040372718,6,2000,"c963f",6,9.81653087774381e-05,0.000110211977260252
NaN,6,2000,"c963f",7,NaN,0
NaN,6,2000,"c963f",8,NaN,0
NaN,6,2000,"c963f",1,1.96613656507314e-05,2.22854281540383e-05
NaN,6,2000,"c963f",2,1.62131553090953e-05,4.67355863224616e-05
8.13779855817766e-05,6,2000,"c963f",3,0,3.12273753583512e-05
4.82065521778477e-05,6,2000,"c963f",4,2.70650088012094e-05,3.59990391830396e-05
2.59291319354191e-05,6,2000,"c963f",5,1.70875309788906e-05,2.74011176834082e-05
0.000103328982670962,6,2000,"c963f",6,4.18248371697125e-05,9.6461069120099e-05
NaN,6,2000,"c963f",7,NaN,0
NaN,6,2000,"c963f",8,NaN,0
NaN,6,2000,"c963f",1,3.73123482285827e-06,1.8911806344043e-05
NaN,6,2000,"c963f",2,1.21646757114447e-05,2.064814480352e-05
5.33901518547102e-05,6,2000,"c963f",3,0,3.92732681388378e-05
6.5811290169116e-05,6,2000,"c963f",4,2.87381595588762e-05,6.19461371702501e-05
8.85513052183249e-05,6,2000,"c963f",5,3.49263105035881e-05,6.10109641862915e-05
0.00012583570526828,6,2000,"c963f",6,6.72829606816433e-05,0.000117042243446594
NaN,6,2000,"c963f",7,NaN,0
NaN,6,2000,"c963f",8,NaN,0
NaN,6,2000,"c963f",1,2.78472487819903e-05,1.47949578994022e-05
NaN,6,2000,"c963f",2,1.05493019415017e-05,1.15506364198827e-05
3.85592549029689e-05,6,2000,"c963f",3,0,2.61633484920782e-05
2.48512274391615e-05,6,2000,"c963f",4,2.88912536873421e-05,3.6571401705198e-05
3.97809581777944e-05,6,2000,"c963f",5,2.98106776995974e-05,2.94519458106783e-05
0.000133744063659534,6,2000,"c963f",6,7.73990827829133e-05,9.7027057972582e-05
NaN,6,2000,"c963f",7,NaN,0
NaN,6,2000,"c963f",8,NaN,0
NaN,6,2000,"c963f",1,3.37076612631198e-05,3.93138469603129e-05
NaN,6,2000,"c963f",2,1.29348718444104e-05,1.06829499772294e-05
NaN,6,2000,"c963f",3,0,1.23124413749718e-05
NaN,6,2000,"c963f",4,2.95948020147895e-05,3.34007381922121e-05
NaN,6,2000,"c963f",5,2.14955232494815e-05,2.8224439229091e-05
0.000115585076750338,6,2000,"c963f",6,5.0576381184628e-05,9.64158876655106e-05
NaN,6,2000,"c963f",7,NaN,0
NaN,6,2000,"c963f",8,NaN,0
4.95145183317375e-05,6,2000,"c963f",1,4.64763661178238e-05,2.12796474706454e-05
NaN,6,2000,"c963f",2,8.6356549740148e-06,1.46770930128753e-05
NaN,6,2000,"c963f",3,0,1.27172568180706e-05
3.69274180600797e-05,6,2000,"c963f",4,3.32959729615649e-05,3.88222568710431e-05
3.40969601491586e-05,6,2000,"c963f",5,1.4927976467569e-05,3.04266848487127e-05
0.000113199129067639,6,2000,"c963f",6,5.60394935257819e-05,9.67059648494668e-05
NaN,6,2000,"c963f",7,NaN,0
NaN,6,2000,"c963f",8,NaN,0
NaN,6,2000,"c963f",1,2.23808501838288e-08,2.63356050611002e-05
NaN,6,2000,"c963f",2,9.50727167210153e-06,2.06138107537278e-05
NaN,6,2000,"c963f",3,0,2.13780498063548e-05
3.23290133469438e-05,6,2000,"c963f",4,3.35667024927276e-05,4.04179249688622e-05
3.40249666771566e-05,6,2000,"c963f",5,1.93790079802277e-05,3.10538199793069e-05
0.000117158133572499,6,2000,"c963f",6,5.40259186659127e-05,0.000100487703238689
NaN,6,2000,"c963f",7,NaN,0
NaN,6,2000,"c963f",8,NaN,0
NaN,6,2000,"c963f",1,2.73907179000612e-05,1.13441838153806e-05
4.94197656534479e-05,6,2000,"c963f",2,8.41444223241825e-06,1.36464969070274e-05
NaN,6,2000,"c963f",3,0,1.41135169613339e-05
2.44997812866479e-05,6,2000,"c963f",4,3.24159263571652e-05,3.42371119472586e-05
2.12058061731657e-05,6,2000,"c963f",5,1.97083759510715e-06,2.95591781036919e-05
0.000120407418611721,6,2000,"c963f",6,6.12518663459081e-05,9.84468503635376e-05
NaN,6,2000,"c963f",7,NaN,0
NaN,6,2000,"c963f",8,NaN,0
NaN,6,3000,"c963f",1,2.98342756611377e-05,3.4565704623015e-05
NaN,6,3000,"c963f",2,1.69388989036353e-05,3.09217260168404e-05
6.40848850190114e-05,6,3000,"c963f",3,2.18049111447023e-06,6.09356378029292e-05
6.46185114722949e-05,6,3000,"c963f",4,2.54622835361185e-06,7.47897996840916e-05
9.701265789406e-05,6,3000,"c963f",5,5.71927256264677e-05,9.47784743994354e-05
0.000270364829283117,6,3000,"c963f",6,0.000190065182385796,0.000198578873455627
NaN,6,3000,"c963f",7,NaN,NaN
NaN,6,3000,"c963f",8,NaN,NaN
2.79598507021346e-05,6,3000,"c963f",1,1.0776107258975e-05,2.80341345991493e-05
3.16622436212911e-05,6,3000,"c963f",2,6.3927190774421e-06,2.79474146937488e-05
3.80696609481457e-05,6,3000,"c963f",3,2.66645389422124e-06,4.04591486109885e-05
5.89098370498521e-05,6,3000,"c963f",4,9.74103271078233e-06,6.49305120497071e-05
0.000113670276095687,6,3000,"c963f",5,6.86645667713115e-05,9.5332742782418e-05
0.000292173944347093,6,3000,"c963f",6,0.000215818267844692,0.000199129528517274
NaN,6,3000,"c963f",7,NaN,0
NaN,6,3000,"c963f",8,NaN,0
NaN,6,3000,"c963f",1,1.3125632478661e-05,2.89108927744192e-05
NaN,6,3000,"c963f",2,1.53691783202508e-05,3.18742719506743e-05
2.3889970022146e-05,6,3000,"c963f",3,1.31942609230824e-05,5.09226725915085e-05
NaN,6,3000,"c963f",4,1.60438399970231e-05,6.88649481644126e-05
6.72981996350522e-05,6,3000,"c963f",5,1.40545945406159e-05,9.24238933561826e-05
0.000227645671183251,6,3000,"c963f",6,0.000138376888293922,0.000191447895652185
NaN,6,3000,"c963f",7,NaN,0
NaN,6,3000,"c963f",8,NaN,0
4.48263077133014e-05,6,3000,"c963f",1,4.10890760845234e-06,2.72398067266123e-05
8.99601080529585e-05,6,3000,"c963f",2,2.88178421323216e-08,4.02846468730018e-05
4.98848921043978e-05,6,3000,"c963f",3,8.28153097477377e-06,4.36070331848964e-05
5.09444536276103e-05,6,3000,"c963f",4,6.24510327427311e-06,6.61200800160826e-05
9.92692914256464e-05,6,3000,"c963f",5,5.90231507488304e-05,9.35436598684437e-05
0.000269293914982369,6,3000,"c963f",6,0.000195591818783497,0.000207685429599575
NaN,6,3000,"c963f",7,NaN,0
NaN,6,3000,"c963f",8,NaN,0
6.14113952012177e-05,6,3000,"c963f",1,1.74766849293017e-05,3.27435696792704e-05
4.1217961527875e-05,6,3000,"c963f",2,1.38742734040937e-05,2.77133755163168e-05
2.52739776584131e-05,6,3000,"c963f",3,1.76632217545444e-05,4.37160105431279e-05
5.15908531227261e-05,6,3000,"c963f",4,1.05865933822286e-06,6.45499935359258e-05
9.28726027110954e-05,6,3000,"c963f",5,4.75858639688323e-05,9.82914216831007e-05
0.000268402516118806,6,3000,"c963f",6,0.000199142957671591,0.000202245771841911
NaN,6,3000,"c963f",7,NaN,0
NaN,6,3000,"c963f",8,NaN,0
NaN,6,3000,"c963f",1,6.40278514156807e-06,2.86133659008409e-05
8.03275512581744e-05,6,3000,"c963f",2,5.07250921069803e-06,3.31128055620602e-05
5.38066302562827e-05,6,3000,"c963f",3,1.94311026751839e-05,4.83334854761519e-05
3.22736395724523e-05,6,3000,"c963f",4,2.22823047905109e-05,6.24793703804643e-05
9.60420797034825e-05,6,3000,"c963f",5,5.25961868191503e-05,9.67788599177794e-05
0.00027763796019215,6,3000,"c963f",6,0.000207665023392779,0.000198073821728214
NaN,6,3000,"c963f",7,NaN,0
NaN,6,3000,"c963f",8,NaN,0
NaN,6,3000,"c963f",1,1.66073037119099e-05,3.40744188091029e-05
NaN,6,3000,"c963f",2,1.78661173961582e-05,3.1824574894356e-05
NaN,6,3000,"c963f",3,1.0525665785042e-05,5.60446935475548e-05
NaN,6,3000,"c963f",4,8.59039712726838e-06,6.84334419595895e-05
5.06826602301397e-05,6,3000,"c963f",5,3.74478108634365e-05,9.81285347556893e-05
0.000246175655052147,6,3000,"c963f",6,0.000146077738967759,0.000203205652254203
NaN,6,3000,"c963f",7,NaN,0
NaN,6,3000,"c963f",8,NaN,0
3.37802394051579e-05,6,3000,"c963f",1,6.62000888630576e-06,3.75379538616616e-05
2.21618893110831e-05,6,3000,"c963f",2,1.0562917850028e-05,3.43092772207709e-05
3.92157209970507e-05,6,3000,"c963f",3,2.13326700467323e-05,4.80503759403869e-05
5.46779530879658e-05,6,3000,"c963f",4,1.62721100835517e-05,6.7736243549063e-05
8.29298042488929e-05,6,3000,"c963f",5,3.15439911493047e-05,9.54071820582977e-05
0.000253081786084601,6,3000,"c963f",6,0.000175734545785468,0.000202243158199917
NaN,6,3000,"c963f",7,NaN,0
NaN,6,3000,"c963f",8,NaN,0
2.18192608846111e-05,6,3000,"c963f",1,1.42426397803336e-05,3.2732011214317e-05
3.28964158577522e-05,6,3000,"c963f",2,6.45653843576913e-06,3.58143842587214e-05
3.55167036632711e-05,6,3000,"c963f",3,2.60575704526738e-06,4.08998286515109e-05
6.07368002134475e-05,6,3000,"c963f",4,1.63389807465283e-05,6.0036468845113e-05
0.000104047882432036,6,3000,"c963f",5,6.71599187061851e-05,9.44094408728457e-05
0.00029406757507931,6,3000,"c963f",6,0.000232710633333815,0.000202230905166147
NaN,6,3000,"c963f",7,NaN,0
NaN,6,3000,"c963f",8,NaN,0
4.23123650309357e-05,6,3000,"c963f",1,9.65381745733869e-07,3.28571772714064e-05
6.26805378949578e-05,6,3000,"c963f",2,4.2991363226391e-06,4.47253039299519e-05
7.47066172009945e-05,6,3000,"c963f",3,8.85981535356521e-07,5.11736632635322e-05
5.61281903632194e-05,6,3000,"c963f",4,1.36144491122908e-05,6.36618235054016e-05
9.48630346882044e-05,6,3000,"c963f",5,5.46208340357776e-05,9.35148659016926e-05
0.000258140043247732,6,3000,"c963f",6,0.000187512923634131,0.000202434166496722
NaN,6,3000,"c963f",7,NaN,0
NaN,6,3000,"c963f",8,NaN,0
NaN,8,500,"c963f",1,0,3.54831260184704e-05
NaN,8,500,"c963f",2,0,8.51340642693658e-06
NaN,8,500,"c963f",3,0,1.95510443138393e-05
NaN,8,500,"c963f",4,0,3.82101092241744e-05
NaN,8,500,"c963f",5,0,2.65247649135666e-05
3.23957510989544e-05,8,500,"c963f",6,1.49238984882714e-05,4.26595548534561e-05
NaN,8,500,"c963f",7,NaN,NaN
NaN,8,500,"c963f",8,NaN,NaN
NaN,8,500,"c963f",1,0,9.66165877057279e-06
NaN,8,500,"c963f",2,0,2.64494793274163e-05
NaN,8,500,"c963f",3,0,3.03042979992993e-05
NaN,8,500,"c963f",4,0,1.36752510683638e-05
NaN,8,500,"c963f",5,0,1.17279427754553e-05
NaN,8,500,"c963f",6,1.8488553338031e-05,2.5501775818156e-05
NaN,8,500,"c963f",7,NaN,0
NaN,8,500,"c963f",8,NaN,0
NaN,8,500,"c963f",1,0,6.37848832388634e-05
NaN,8,500,"c963f",2,0,6.93528259710089e-05
NaN,8,500,"c963f",3,0,8.14389882626473e-05
NaN,8,500,"c963f",4,0,9.69640157817913e-05
NaN,8,500,"c963f",5,0,0.0001139132338308
NaN,8,500,"c963f",6,1.87409353430912e-05,7.40073343445977e-05
NaN,8,500,"c963f",7,NaN,0
NaN,8,500,"c963f",8,NaN,0
NaN,8,500,"c963f",1,0,1.86028816901557e-05
NaN,8,500,"c963f",2,0,2.11851354733763e-05
NaN,8,500,"c963f",3,0,4.02729452696581e-05
NaN,8,500,"c963f",4,0,3.39467843986136e-05
NaN,8,500,"c963f",5,0,2.50120897550834e-05
NaN,8,500,"c963f",6,1.76668795523392e-05,3.26393378636822e-05
NaN,8,500,"c963f",7,NaN,0
NaN,8,500,"c963f",8,NaN,0
NaN,8,500,"c963f",1,0,2.39061242588374e-05
NaN,8,500,"c963f",2,0,3.94774565978127e-05
NaN,8,500,"c963f",3,0,2.65281529619539e-05
NaN,8,500,"c963f",4,0,1.83767819656213e-05
NaN,8,500,"c963f",5,0,2.87016129354167e-05
0.000116024812043756,8,500,"c963f",6,1.15661319462106e-05,4.8612338843779e-05
NaN,8,500,"c963f",7,NaN,0
NaN,8,500,"c963f",8,NaN,0
NaN,8,500,"c963f",1,0,2.55634665835291e-05
NaN,8,500,"c963f",2,0,1.83693734019532e-05
NaN,8,500,"c963f",3,0,2.07241398701604e-05
NaN,8,500,"c963f",4,0,2.0779116985579e-05
NaN,8,500,"c963f",5,0,1.91387076065154e-05
NaN,8,500,"c963f",6,1.28610615297315e-05,2.72393441535881e-05
NaN,8,500,"c963f",7,NaN,0
NaN,8,500,"c963f",8,NaN,0
NaN,8,500,"c963f",1,0,1.81667369856791e-05
NaN,8,500,"c963f",2,0,2.20984929638899e-05
NaN,8,500,"c963f",3,0,1.13526575781819e-05
NaN,8,500,"c963f",4,0,2.40724999298894e-05
NaN,8,500,"c963f",5,0,2.44566945654711e-05
NaN,8,500,"c963f",6,1.3572031653938e-05,3.25237430882914e-05
NaN,8,500,"c963f",7,NaN,0
NaN,8,500,"c963f",8,NaN,0
NaN,8,500,"c963f",1,0,1.75318263865703e-05
NaN,8,500,"c963f",2,0,9.52929929404405e-06
NaN,8,500,"c963f",3,0,9.40246003218072e-06
NaN,8,500,"c963f",4,0,1.76344088389378e-05
NaN,8,500,"c963f",5,0,4.34308112661397e-05
NaN,8,500,"c963f",6,1.26790083911023e-05,3.56947826444063e-05
NaN,8,500,"c963f",7,NaN,0
NaN,8,500,"c963f",8,NaN,0
NaN,8,500,"c963f",1,0,1.53275247583689e-05
NaN,8,500,"c963f",2,0,2.68673010669605e-05
NaN,8,500,"c963f",3,0,2.46423605400475e-05
NaN,8,500,"c963f",4,0,2.43042144000384e-05
NaN,8,500,"c963f",5,0,2.04588730772767e-05
NaN,8,500,"c963f",6,2.01274157683454e-05,4.17103108005605e-05
NaN,8,500,"c963f",7,NaN,0
NaN,8,500,"c963f",8,NaN,0
NaN,8,500,"c963f",1,0,1.14365548918132e-05
NaN,8,500,"c963f",2,0,1.6044312845163e-05
NaN,8,500,"c963f",3,0,3.6094576750224e-05
NaN,8,500,"c963f",4,0,2.00355883539613e-05
NaN,8,500,"c963f",5,0,2.27481106199245e-05
NaN,8,500,"c963f",6,1.55416371103318e-05,3.32314087433588e-05
NaN,8,500,"c963f",7,NaN,0
NaN,8,500,"c963f",8,NaN,0
NaN,8,500,"c963f",1,0,1.25196009120746e-05
NaN,8,500,"c963f",2,0,1.46748605730822e-05
2.69957341705028e-05,8,500,"c963f",3,0,2.57367993618631e-05
NaN,8,500,"c963f",4,0,2.75479609840742e-05
NaN,8,500,"c963f",5,0,3.27218929172617e-05
1.9268919331565e-05,8,500,"c963f",6,1.46597963419603e-05,2.60155680914131e-05
NaN,8,500,"c963f",7,NaN,0
NaN,8,500,"c963f",8,NaN,0
NaN,8,1000,"c963f",1,0,5.29930671349406e-05
NaN,8,1000,"c963f",2,0,2.75234178209857e-05
NaN,8,1000,"c963f",3,1.08680887845632e-05,1.66214033324464e-05
NaN,8,1000,"c963f",4,1.65377131811142e-05,2.63531823839354e-05
NaN,8,1000,"c963f",5,1.57754738128575e-05,3.26876191775205e-05
2.10036088389482e-05,8,1000,"c963f",6,3.65916317731777e-05,6.56959919389667e-05
NaN,8,1000,"c963f",7,NaN,NaN
NaN,8,1000,"c963f",8,NaN,NaN
NaN,8,1000,"c963f",1,0,1.46799650633255e-05
NaN,8,1000,"c963f",2,0,1.73644998113287e-05
NaN,8,1000,"c963f",3,1.13242033385037e-05,2.35488425880786e-05
NaN,8,1000,"c963f",4,1.42245710091057e-05,2.41326217219832e-05
6.39805917221449e-05,8,1000,"c963f",5,1.14747138603309e-05,3.4195285431229e-05
NaN,8,1000,"c963f",6,3.47591845507332e-05,6.13188878579529e-05
NaN,8,1000,"c963f",7,NaN,0
NaN,8,1000,"c963f",8,NaN,0
NaN,8,1000,"c963f",1,0,2.26872411308002e-05
NaN,8,1000,"c963f",2,0,2.41622708752383e-05
NaN,8,1000,"c963f",3,1.15384741459787e-05,2.1700088858986e-05
NaN,8,1000,"c963f",4,1.66774111386783e-05,3.00939737657955e-05
7.54946547704187e-05,8,1000,"c963f",5,1.3974718751649e-05,3.81934917454897e-05
5.45911666686508e-05,8,1000,"c963f",6,3.24392367434518e-05,6.40013329271071e-05
NaN,8,1000,"c963f",7,NaN,0
NaN,8,1000,"c963f",8,NaN,0
NaN,8,1000,"c963f",1,0,1.47214809280991e-05
NaN,8,1000,"c963f",2,0,1.65356445780089e-05
NaN,8,1000,"c963f",3,1.03953909488588e-05,2.46360544767813e-05
NaN,8,1000,"c963f",4,1.51362147191193e-05,2.31161026973778e-05
NaN,8,1000,"c963f",5,1.28529424570006e-05,3.39398040142083e-05
NaN,8,1000,"c963f",6,3.21372077745299e-05,6.07984023651279e-05
NaN,8,1000,"c963f",7,NaN,0
NaN,8,1000,"c963f",8,NaN,0
NaN,8,1000,"c963f",1,0,3.15156200936282e-05
NaN,8,1000,"c963f",2,0,3.81887508285098e-05
NaN,8,1000,"c963f",3,1.17672104888041e-05,4.23301829614489e-05
NaN,8,1000,"c963f",4,1.6240255112378e-05,3.29165485755632e-05
NaN,8,1000,"c963f",5,1.74575374683893e-05,3.76595718059585e-05
2.57274617921588e-05,8,1000,"c963f",6,3.49390377471869e-05,6.35261200514617e-05
NaN,8,1000,"c963f",7,NaN,0
NaN,8,1000,"c963f",8,NaN,0
NaN,8,1000,"c963f",1,0,1.48478941845026e-05
NaN,8,1000,"c963f",2,0,2.25663909346349e-05
NaN,8,1000,"c963f",3,1.27308410865829e-05,1.54257102511136e-05
NaN,8,1000,"c963f",4,1.78623010611756e-05,3.05512187318186e-05
NaN,8,1000,"c963f",5,1.71807575417186e-05,3.49831553765039e-05
3.66719679534388e-05,8,1000,"c963f",6,3.50933556389269e-05,6.17302548555332e-05
NaN,8,1000,"c963f",7,NaN,0
NaN,8,1000,"c963f",8,NaN,0
3.31572754563813e-05,8,1000,"c963f",1,0,1.01800091648975e-05
4.19737469024713e-05,8,1000,"c963f",2,0,1.30841364985496e-05
NaN,8,1000,"c963f",3,1.31487276707187e-05,2.92454731706302e-05
NaN,8,1000,"c963f",4,1.58772637178867e-05,2.36564091881813e-05
NaN,8,1000,"c963f",5,1.7352784065265e-05,3.57170466188895e-05
4.87024772853011e-05,8,1000,"c963f",6,3.26823195653545e-05,6.6411737587253e-05
NaN,8,1000,"c963f",7,NaN,0
NaN,8,1000,"c963f",8,NaN,0
NaN,8,1000,"c963f",1,0,1.92124898365829e-05
NaN,8,1000,"c963f",2,0,1.66743030668672e-05
NaN,8,1000,"c963f",3,7.93784089967185e-06,1.55672556323197e-05
2.00198774708822e-05,8,1000,"c963f",4,9.81538500480749e-06,2.28739242351798e-05
NaN,8,1000,"c963f",5,9.53243332774772e-06,2.88297721016282e-05
NaN,8,1000,"c963f",6,3.2942996190823e-05,6.17412044002789e-05
NaN,8,1000,"c963f",7,NaN,0
NaN,8,1000,"c963f",8,NaN,0
NaN,8,1000,"c963f",1,0,1.44627469390652e-05
NaN,8,1000,"c963f",2,0,2.01740452121718e-05
NaN,8,1000,"c963f",3,8.78777216207306e-06,1.75133979144432e-05
NaN,8,1000,"c963f",4,1.44988254349292e-05,2.04904869715031e-05
NaN,8,1000,"c963f",5,1.75108400115293e-05,4.07234201234322e-05
2.29331453121582e-05,8,1000,"c963f",6,3.52645025735904e-05,6.28869399771216e-05
NaN,8,1000,"c963f",7,NaN,0
NaN,8,1000,"c963f",8,NaN,0
NaN,8,1000,"c963f",1,0,1.41604305476616e-05
1.25260664578633e-05,8,1000,"c963f",2,0,2.05192732177682e-05
NaN,8,1000,"c963f",3,1.2184935000829e-05,1.49106096008913e-05
NaN,8,1000,"c963f",4,1.56841135020861e-05,2.1119663623972e-05
1.30629963068551e-05,8,1000,"c963f",5,1.41232380039711e-05,3.03329489244007e-05
3.36281139712269e-05,8,1000,"c963f",6,3.38693210409286e-05,6.06630313034058e-05
NaN,8,1000,"c963f",7,NaN,0
NaN,8,1000,"c963f",8,NaN,0
NaN,8,2000,"c963f",1,0,2.64224771057019e-05
NaN,8,2000,"c963f",2,0,1.96183356681346e-05
1.14345631204416e-05,8,2000,"c963f",3,0,2.27363620494129e-05
4.0400329008204e-05,8,2000,"c963f",4,2.87644783269712e-05,3.8457164274529e-05
4.22659464955284e-05,8,2000,"c963f",5,2.42130024030602e-05,3.67923338039454e-05
0.000123877603242229,8,2000,"c963f",6,7.30530935268561e-05,0.000101089516822832
NaN,8,2000,"c963f",7,NaN,NaN
NaN,8,2000,"c963f",8,NaN,NaN
NaN,8,2000,"c963f",1,0,1.92873602864775e-05
NaN,8,2000,"c963f",2,0,1.72765818369574e-05
NaN,8,2000,"c963f",3,0,2.65912242528492e-05
NaN,8,2000,"c963f",4,2.92054610837493e-05,4.30014551345665e-05
5.3082967898403e-05,8,2000,"c963f",5,4.15485256726716e-05,3.18817709244504e-05
0.000156249922569461,8,2000,"c963f",6,0.000115468969094468,0.000104411943828318
NaN,8,2000,"c963f",7,NaN,0
NaN,8,2000,"c963f",8,NaN,0
NaN,8,2000,"c963f",1,0,2.4782322531016e-05
NaN,8,2000,"c963f",2,0,1.77394054471857e-05
NaN,8,2000,"c963f",3,0,1.78597214834592e-05
1.44918159266484e-05,8,2000,"c963f",4,3.14495678305549e-05,3.32228979062437e-05
2.27073362536162e-05,8,2000,"c963f",5,8.48444692771298e-06,3.23428986869271e-05
0.000101638940156789,8,2000,"c963f",6,4.35000804545104e-05,9.66847695907205e-05
NaN,8,2000,"c963f",7,NaN,0
NaN,8,2000,"c963f",8,NaN,0
NaN,8,2000,"c963f",1,0,5.91608475960453e-05
NaN,8,2000,"c963f",2,0,3.10196579699595e-05
NaN,8,2000,"c963f",3,0,2.90445606558035e-05
NaN,8,2000,"c963f",4,3.01781808716484e-05,4.67618847308612e-05
NaN,8,2000,"c963f",5,3.70399743165351e-05,4.81226842359265e-05
0.000121331957111576,8,2000,"c963f",6,6.61597980402213e-05,9.26433071810503e-05
NaN,8,2000,"c963f",7,NaN,0
NaN,8,2000,"c963f",8,NaN,0
NaN,8,2000,"c963f",1,0,2.31625614036075e-05
NaN,8,2000,"c963f",2,0,1.26416246610265e-05
2.84558756122556e-05,8,2000,"c963f",3,0,1.54481138908085e-05
4.96016344009555e-05,8,2000,"c963f",4,2.68325092788658e-05,3.40244067324074e-05
5.85189673541073e-05,8,2000,"c963f",5,4.99986451725428e-05,3.84686843398789e-05
0.000153753282862202,8,2000,"c963f",6,0.000114470936593249,9.86402845586524e-05
NaN,8,2000,"c963f",7,NaN,0
NaN,8,2000,"c963f",8,NaN,0
NaN,8,2000,"c963f",1,0,3.22943281448814e-05
NaN,8,2000,"c963f",2,0,2.02276163885246e-05
NaN,8,2000,"c963f",3,0,2.36310042308163e-05
1.84300121272427e-05,8,2000,"c963f",4,3.23352891811983e-05,3.75148275020197e-05
3.66350488230943e-05,8,2000,"c963f",5,1.3782492517255e-05,3.76598721542769e-05
0.000132838733879681,8,2000,"c963f",6,8.58079414735755e-05,9.75150947711766e-05
NaN,8,2000,"c963f",7,NaN,0
NaN,8,2000,"c963f",8,NaN,0
NaN,8,2000,"c963f",1,0,1.73655289356607e-05
NaN,8,2000,"c963f",2,0,1.28125199098728e-05
NaN,8,2000,"c963f",3,0,1.96485417870192e-05
NaN,8,2000,"c963f",4,2.99011169094017e-05,3.58102628796282e-05
NaN,8,2000,"c963f",5,1.65583702919112e-05,3.63787638430051e-05
0.000113433468188926,8,2000,"c963f",6,5.21193345731213e-05,0.00010368555675562
NaN,8,2000,"c963f",7,NaN,0
NaN,8,2000,"c963f",8,NaN,0
NaN,8,2000,"c963f",1,0,4.8254523060507e-05
NaN,8,2000,"c963f",2,0,3.66337414957405e-05
NaN,8,2000,"c963f",3,0,3.15043315083292e-05
3.18748824050734e-05,8,2000,"c963f",4,2.46588917260466e-05,3.52957547098497e-05
4.93463043348545e-05,8,2000,"c963f",5,4.02879852517833e-05,4.26882930967073e-05
0.00014810661208401,8,2000,"c963f",6,0.00010101931348661,0.000103346380300508
NaN,8,2000,"c963f",7,NaN,0
NaN,8,2000,"c963f",8,NaN,0
NaN,8,2000,"c963f",1,0,1.89327214429823e-05
NaN,8,2000,"c963f",2,0,1.30907479878192e-05
NaN,8,2000,"c963f",3,0,1.71420215391975e-05
3.99042736998115e-05,8,2000,"c963f",4,2.5260762039951e-05,3.43190776152299e-05
5.84386072924161e-05,8,2000,"c963f",5,4.97576734271834e-05,3.67411426878449e-05
0.000152120984216824,8,2000,"c963f",6,0.000107168575111437,0.000100244830196939
NaN,8,2000,"c963f",7,NaN,0
NaN,8,2000,"c963f",8,NaN,0
NaN,8,2000,"c963f",1,0,2.37859918377438e-05
NaN,8,2000,"c963f",2,0,1.5829546703049e-05
1.96695970375834e-05,8,2000,"c963f",3,0,1.79476872886017e-05
NaN,8,2000,"c963f",4,3.17920026502363e-05,3.98573846483903e-05
2.88808699618382e-05,8,2000,"c963f",5,1.50705109770784e-05,3.77319305786424e-05
0.000120231743956346,8,2000,"c963f",6,6.71309652724267e-05,9.68347080641923e-05
NaN,8,2000,"c963f",7,NaN,0
NaN,8,2000,"c963f",8,NaN,0
NaN,8,3000,"c963f",1,2.58240513929048e-05,4.10387506939265e-05
1.52806570977444e-05,8,3000,"c963f",2,1.64528828460518e-05,3.83984271292157e-05
2.936499357142e-05,8,3000,"c963f",3,9.79044577115846e-06,4.68533705192914e-05
5.29666196584137e-05,8,3000,"c963f",4,5.22036228190878e-06,6.69891588050538e-05
8.67403172651444e-05,8,3000,"c963f",5,3.86754948536352e-05,9.66723139142881e-05
0.000262336390346155,8,3000,"c963f",6,0.000190482586602501,0.000207417636844103
NaN,8,3000,"c963f",7,NaN,NaN
NaN,8,3000,"c963f",8,NaN,NaN
9.4633053381545e-05,8,3000,"c963f",1,2.92730248620328e-05,4.11904132365487e-05
3.54007131996049e-05,8,3000,"c963f",2,1.8806438755576e-05,2.97246652880215e-05
5.28715305464019e-05,8,3000,"c963f",3,1.90936195658454e-05,4.28560420019262e-05
6.12139192137103e-05,8,3000,"c963f",4,2.52124663986313e-05,6.45803661651138e-05
0.000111844868257432,8,3000,"c963f",5,7.38293375709116e-05,9.47271613688192e-05
0.000282587490060612,8,3000,"c963f",6,0.00022560589906463,0.000207578543665912
NaN,8,3000,"c963f",7,NaN,0
NaN,8,3000,"c963f",8,NaN,0
NaN,8,3000,"c963f",1,2.2287978316462e-05,2.85248314622217e-05
2.413106907086e-05,8,3000,"c963f",2,1.69377241718049e-06,3.32112229311325e-05
3.21617363984575e-05,8,3000,"c963f",3,8.22432014503083e-07,4.31041126264467e-05
4.96611019825888e-05,8,3000,"c963f",4,8.33183562644921e-06,6.5290223419652e-05
9.3067359335331e-05,8,3000,"c963f",5,5.186886407481e-05,9.80976964521781e-05
0.00028132139889866,8,3000,"c963f",6,0.000219735878081076,0.000210430287928463
NaN,8,3000,"c963f",7,NaN,0
NaN,8,3000,"c963f",8,NaN,0
3.11496605967501e-05,8,3000,"c963f",1,1.61181524137048e-05,4.15656607125756e-05
1.38577733909699e-05,8,3000,"c963f",2,9.38469899188172e-06,3.83144862943961e-05
3.03723942684123e-05,8,3000,"c963f",3,2.77267301706297e-06,4.50253816058959e-05
4.6628691498744e-05,8,3000,"c963f",4,5.46677945072992e-06,6.57352441823858e-05
8.93994886982118e-05,8,3000,"c963f",5,4.71980067757731e-05,9.83605735357297e-05
0.00026951303486286,8,3000,"c963f",6,0.000206172226625916,0.000202399631524509
NaN,8,3000,"c963f",7,NaN,0
NaN,8,3000,"c963f",8,NaN,0
NaN,8,3000,"c963f",1,2.10836094081268e-05,4.37258533227624e-05
5.26189542435665e-05,8,3000,"c963f",2,9.85764890080886e-06,3.67340902591096e-05
4.13252101290356e-05,8,3000,"c963f",3,8.11092011634885e-06,4.19540400461147e-05
6.02696200706149e-05,8,3000,"c963f",4,1.75881482545223e-05,6.28736360216889e-05
9.58976947052809e-05,8,3000,"c963f",5,5.15756205128138e-05,9.33963914808974e-05
0.000263264510803884,8,3000,"c963f",6,0.000196479597149029,0.000199483412486037
NaN,8,3000,"c963f",7,NaN,0
NaN,8,3000,"c963f",8,NaN,0
9.76541427439015e-05,8,3000,"c963f",1,4.82746752123067e-06,4.28934599549422e-05
5.96811872073694e-05,8,3000,"c963f",2,4.28993015640754e-07,4.25041108047184e-05
3.62678445645156e-05,8,3000,"c963f",3,1.20820122970164e-06,4.27293689214318e-05
5.58743622671083e-05,8,3000,"c963f",4,1.09925944840506e-05,6.3740572506117e-05
0.000103630740201136,8,3000,"c963f",5,5.90543755321148e-05,9.40258207827593e-05
0.000285095658856234,8,3000,"c963f",6,0.000217363031213159,0.000197908239408147
NaN,8,3000,"c963f",7,NaN,0
NaN,8,3000,"c963f",8,NaN,0
3.87098223856136e-05,8,3000,"c963f",1,1.13406579367352e-06,3.93765999687168e-05
3.14847480533329e-05,8,3000,"c963f",2,3.441727996107e-06,3.48467900414629e-05
3.6401164617792e-05,8,3000,"c963f",3,1.08847877668458e-05,4.40282737894876e-05
5.38959012380977e-05,8,3000,"c963f",4,1.48360072377617e-05,6.29819039749378e-05
9.78783994180776e-05,8,3000,"c963f",5,5.8578766250187e-05,9.58239869221686e-05
0.00026802618531448,8,3000,"c963f",6,0.000207573978282723,0.000200477601720011
NaN,8,3000,"c963f",7,NaN,0
NaN,8,3000,"c963f",8,NaN,0
5.81836249322204e-05,8,3000,"c963f",1,3.1974696920165e-07,3.12310578121783e-05
4.08005762971547e-05,8,3000,"c963f",2,6.51870175573562e-06,2.9047675043506e-05
2.50940008169808e-05,8,3000,"c963f",3,2.01948442872255e-05,4.19689708722341e-05
3.89206787354327e-05,8,3000,"c963f",4,6.04223067200904e-06,6.10174876920246e-05
8.27600460371037e-05,8,3000,"c963f",5,2.91586342351581e-05,9.50078492333281e-05
0.000247316411736578,8,3000,"c963f",6,0.000151916632044032,0.000199717308221775
NaN,8,3000,"c963f",7,NaN,0
NaN,8,3000,"c963f",8,NaN,0
0.00013525364608221,8,3000,"c963f",1,1.59250840406802e-05,8.24945395956338e-05
9.81238506656261e-05,8,3000,"c963f",2,1.53392543232488e-05,5.44559452564199e-05
3.65092692283887e-05,8,3000,"c963f",3,2.89115804863878e-06,4.47689952830234e-05
5.61115722175042e-05,8,3000,"c963f",4,1.22138937493517e-05,6.09631125715568e-05
0.000104370884504112,8,3000,"c963f",5,5.21240023677272e-05,9.26092951484628e-05
0.000257696829428048,8,3000,"c963f",6,0.000175093939445034,0.000196920416928483
NaN,8,3000,"c963f",7,NaN,0
NaN,8,3000,"c963f",8,NaN,0
6.33413417007293e-05,8,3000,"c963f",1,3.89657302783643e-06,5.07029714723662e-05
NaN,8,3000,"c963f",2,4.60679383435189e-07,4.67116660188671e-05
3.62877009768892e-05,8,3000,"c963f",3,6.52439525006607e-06,4.70722516548872e-05
5.51047665200945e-05,8,3000,"c963f",4,9.18707128117183e-06,7.19277205465712e-05
9.88672758464557e-05,8,3000,"c963f",5,4.86876063799914e-05,9.98700609737678e-05
0.00028848352836412,8,3000,"c963f",6,0.000209508472984646,0.000216905618767951
NaN,8,3000,"c963f",7,NaN,0
NaN,8,3000,"c963f",8,NaN,0
